image,cell_id,area,perimeter,circularity,eccentricity,aspect_ratio,major_axis_length,minor_axis_length,solidity,extent,mean_intensity,std_intensity,centroid_row,centroid_col,glcm_contrast,glcm_homogeneity,glcm_energy,glcm_correlation,cell_prob,label,rule,confidence,feature
IXMtest_A02_s1_w1051DAA7C-7042-435F-99F0-1E847D9B42CB.tif,1,384.0,71.11269837220809,0.9542161702029719,0.5126106658697909,1.1646579895687272,23.897128062663484,20.518579940805274,0.9672544080604534,0.7933884297520661,532.4479166666666,81.96284978976585,10.4296875,35.513020833333336,1049.1327045969933,0.1738556318401208,0.1370952613611554,0.893757423055277,0.9561421275138855,not assessable (cut by image edge),,,
IXMtest_A02_s1_w1051DAA7C-7042-435F-99F0-1E847D9B42CB.tif,2,517.0,92.18376618407356,0.7645246849438097,0.7757364632283716,1.5846429039305308,33.027900201068356,20.842487679177633,0.9022687609075044,0.6893333333333334,494.74468085106383,68.33856293122862,14.74081237911025,114.22243713733076,885.8251724138033,0.2787300068533261,0.24451395936922088,0.9311992066351211,0.9504356980323792,not assessable (cut by image edge),,,
IXMtest_A02_s1_w1051DAA7C-7042-435F-99F0-1E847D9B42CB.tif,3,392.0,74.62741699796952,0.8845025938889486,0.385383526001613,1.0837095289846104,23.668664954660194,21.84041417153241,0.9679012345679012,0.8115942028985508,413.94132653061223,29.142141557662626,8.823979591836734,135.81632653061226,1677.2298913043464,0.1646777968037027,0.13125376657350768,0.8228327780922058,0.9519416093826294,not assessable (cut by image edge),,,
IXMtest_A02_s1_w1051DAA7C-7042-435F-99F0-1E847D9B42CB.tif,4,588.0,92.66904755831214,0.8604344518981031,0.6402225483709245,1.3017621516533204,31.56650355730535,24.249056186811,0.9514563106796117,0.6991676575505351,417.4778911564626,47.777344853675835,14.811224489795919,157.81972789115648,1046.0751891273762,0.267117637548632,0.2349522032526844,0.9046313542649734,0.9594790935516357,not assessable (cut by image edge),,,
IXMtest_A02_s1_w1051DAA7C-7042-435F-99F0-1E847D9B42CB.tif,5,572.0,92.18376618407356,0.8458570982357043,0.7999471849404919,1.666471096220576,35.02925801724495,21.020021347318007,0.9678510998307953,0.7536231884057971,333.3251748251748,40.93401473142322,10.241258741258742,303.7167832167832,745.9292785812619,0.23294849441622673,0.19757819666142273,0.9233225783454021,0.941541314125061,not assessable (cut by image edge),,,
IXMtest_A02_s1_w1051DAA7C-7042-435F-99F0-1E847D9B42CB.tif,6,110.0,40.970562748477136,0.8234906845804335,0.8792137351776714,2.098955036416445,17.558214860597563,8.365217241897081,0.9821428571428571,0.7638888888888888,344.5,35.79607647367363,2.909090909090909,359.5,1805.7836426237218,0.18109489439369192,0.1615483880452073,0.8418285877644764,0.8493971824645996,not assessable (cut by image edge),,,
IXMtest_A02_s1_w1051DAA7C-7042-435F-99F0-1E847D9B42CB.tif,7,485.0,88.62741699796952,0.7759172698991286,0.8343511980443519,1.8141141321462644,34.10132377421179,18.79778298946758,0.9642147117296223,0.8645276292335116,300.4041237113402,34.34196710505223,7.577319587628866,394.08865979381443,714.2041276737912,0.1392724431758072,0.08881300325647425,0.8673275121862433,0.9270766973495483,not assessable (cut by image edge),,,
IXMtest_A02_s1_w1051DAA7C-7042-435F-99F0-1E847D9B42CB.tif,8,99.0,44.72792206135785,0.6218528278974021,0.9547730627761442,3.3632042102183672,20.9643756467513,6.233453081158613,0.9611650485436893,0.7857142857142857,339.47474747474746,38.35673684373929,2.111111111111111,468.7171717171717,1903.9247619047633,0.15692616893951283,0.1464211753781894,0.795475962345536,0.8237382769584656,not assessable (cut by image edge),,,
IXMtest_A02_s1_w1051DAA7C-7042-435F-99F0-1E847D9B42CB.tif,9,186.0,55.798989873223334,0.7507064274455928,0.8968451106561733,2.260680334922462,23.780260793008956,10.519072699336142,0.9738219895287958,0.775,289.7258064516129,22.049433236935272,3.752688172043011,633.1989247311828,1783.3274959742348,0.18480698913368487,0.16897979983047812,0.8246873172601153,0.8878892660140991,not assessable (cut by image edge),,,
IXMtest_A02_s1_w1051DAA7C-7042-435F-99F0-1E847D9B42CB.tif,10,753.0,100.66904755831214,0.9337119579017636,0.6344989804235652,1.2937887683153397,35.23911068653124,27.237143766842692,0.977922077922078,0.7968253968253968,613.8180610889774,134.48847595673365,21.674634794156706,236.30146082337316,610.3289580789602,0.19489730382771336,0.15316569239594474,0.9465016253579347,0.965200662612915,not assessable (single frame),,,
IXMtest_A02_s1_w1051DAA7C-7042-435F-99F0-1E847D9B42CB.tif,11,922.0,119.9827560572969,0.8048280753703384,0.7785139949816855,1.5933024048253748,43.569401676003466,27.34534357323,0.9514963880288958,0.6984848484848485,579.380694143167,102.66017787760208,26.190889370932755,79.941431670282,598.6588963553663,0.2967707067399008,0.25179600528999674,0.9535454512243227,0.961959719657898,not assessable (single frame),,,
IXMtest_A02_s1_w1051DAA7C-7042-435F-99F0-1E847D9B42CB.tif,12,434.0,78.52691193458118,0.8844281461340224,0.7185411003186337,1.4378465698007081,28.260661952156642,19.654852294896592,0.9580573951434879,0.7654320987654321,539.6382488479263,94.26854234683032,18.18433179723502,12.44700460829493,924.6781288156321,0.20215094853545404,0.16276076831039302,0.9037190342381874,0.9511038661003113,not assessable (cut by image edge),,,
IXMtest_A02_s1_w1051DAA7C-7042-435F-99F0-1E847D9B42CB.tif,13,719.0,112.22539674441619,0.7173918781692054,0.6904489711280851,1.3823971868731328,38.1784966100751,27.617602938292777,0.9078282828282829,0.6524500907441017,395.4742698191933,83.45221142119088,28.536856745479835,318.78998609179416,370.24060456943926,0.34383795786235516,0.29709189253087825,0.949102576363272,0.9572569131851196,abnormal morphology,R-ABN,0.875,solidity
IXMtest_A02_s1_w1051DAA7C-7042-435F-99F0-1E847D9B42CB.tif,14,1287.0,149.29646455628165,0.7255867843911392,0.7177300345397645,1.436118279988766,51.50742170922998,35.8657238940186,0.8962395543175488,0.6308823529411764,688.2913752913753,106.98740289318576,45.68531468531469,44.54545454545455,560.0560809452212,0.3717495871916354,0.33259823386880805,0.9640241888155806,0.9693813920021057,abnormal morphology,R-ABN,0.99,solidity
IXMtest_A02_s1_w1051DAA7C-7042-435F-99F0-1E847D9B42CB.tif,15,654.0,98.66904755831213,0.8441618869301406,0.7531611820410489,1.5201356633210352,35.82410559496302,23.566387171456935,0.9547445255474453,0.7077922077922078,688.4327217125382,146.30948587538086,43.137614678899084,143.8960244648318,1111.3713126427756,0.28359504170020966,0.23589446456035706,0.9067340277707443,0.9675799012184143,not assessable (single frame),,,
IXMtest_A02_s1_w1051DAA7C-7042-435F-99F0-1E847D9B42CB.tif,16,172.0,50.38477631085023,0.8514117537619913,0.6568465807999094,1.326217293755251,17.732526374890483,13.370754896944483,0.9717514124293786,0.7350427350427351,604.8662790697674,118.2632539506329,39.23255813953488,690.1802325581396,1532.2908601474837,0.23176636267427891,0.20700134904904496,0.9004906149289653,0.917748212814331,not assessable (cut by image edge),,,
IXMtest_A02_s1_w1051DAA7C-7042-435F-99F0-1E847D9B42CB.tif,17,475.0,88.91168824543142,0.7550674700627052,0.8739531809229587,2.057570320306659,35.66455900068386,17.33333662947103,0.9424603174603174,0.5893300248138957,618.4042105263158,102.33388481960151,45.55157894736842,173.41473684210527,741.1602899090083,0.3786426154506572,0.3530003773488033,0.9422034129816745,0.9520478248596191,not assessable (single frame),,,
IXMtest_A02_s1_w1051DAA7C-7042-435F-99F0-1E847D9B42CB.tif,18,311.0,68.18376618407358,0.8406365732105663,0.8012420561819577,1.6712896093704181,26.074622360844707,15.601498516266805,0.9510703363914373,0.6438923395445134,711.9389067524115,177.05437099068666,47.72025723472669,603.0610932475885,1302.0178124411798,0.313298888207181,0.28806797212676516,0.8948681250962882,0.9461377263069153,not assessable (single frame),,,
IXMtest_A02_s1_w1051DAA7C-7042-435F-99F0-1E847D9B42CB.tif,19,829.0,112.46803743153546,0.8235807006576503,0.8510393305297088,1.9043920899628985,44.98141269028086,23.61982751732454,0.9707259953161592,0.6441336441336442,686.6357056694814,126.76737042313134,53.41254523522316,302.92038600723765,470.1738532848593,0.34685410518178145,0.3135689180217988,0.9572413327187643,0.9673495292663574,not assessable (single frame),,,
IXMtest_A02_s1_w1051DAA7C-7042-435F-99F0-1E847D9B42CB.tif,20,308.0,67.45584412271572,0.8505922432029536,0.6752638224123748,1.3557919714888467,23.516766156777138,17.345408920627023,0.9655172413793104,0.7333333333333333,629.4675324675325,106.06948646451697,47.91233766233766,8.00974025974026,855.8183850250764,0.23845633916060516,0.21018691442423043,0.9366499872074275,0.9383240938186646,not assessable (cut by image edge),,,
IXMtest_A02_s1_w1051DAA7C-7042-435F-99F0-1E847D9B42CB.tif,21,902.0,124.71067811865476,0.7288012689175422,0.8856686977754097,2.1536976245586565,50.40602241777286,23.404410091273718,0.940563086548488,0.5782051282051283,564.8226164079823,102.57054042678462,57.37250554323725,543.1141906873614,432.99127802866576,0.4096974183443603,0.3782372355912343,0.9567809625390206,0.9710882902145386,not assessable (single frame),,,
IXMtest_A02_s1_w1051DAA7C-7042-435F-99F0-1E847D9B42CB.tif,22,500.0,81.59797974644665,0.9436719706743888,0.6191429504639101,1.2734338912267302,28.507691278468737,22.38647131576385,0.970873786407767,0.7763975155279503,485.062,66.59941558302144,51.906,665.502,1126.5146293420585,0.18929836188627203,0.1589387816140967,0.8984821699891353,0.9650211334228516,not assessable (single frame),,,
IXMtest_A02_s1_w1051DAA7C-7042-435F-99F0-1E847D9B42CB.tif,23,978.0,118.91168824543142,0.8691597948307531,0.7792626106214899,1.595666115464602,44.58801786753485,27.943200294475382,0.9760479041916168,0.7842822774659182,570.7535787321063,96.38011409581931,59.802658486707564,483.0644171779141,607.0279930336123,0.20656047658969862,0.1728470108243379,0.9390610813933213,0.9720628261566162,not assessable (single frame),,,
IXMtest_A02_s1_w1051DAA7C-7042-435F-99F0-1E847D9B42CB.tif,24,254.0,58.284271247461895,0.9395953077610756,0.48668037595868074,1.1447147050877404,19.2807550292157,16.843284133174357,0.9477611940298507,0.7426900584795322,892.2519685039371,303.9918530949366,59.16535433070866,613.9409448818898,1103.96664182242,0.20634332951614293,0.1722776636191233,0.8905361318079426,0.9302155375480652,apoptotic/dead,R-PYK,0.638,
IXMtest_A02_s1_w1051DAA7C-7042-435F-99F0-1E847D9B42CB.tif,25,468.0,82.42640687119285,0.8656114252602032,0.7939445794563967,1.6447635278344526,31.394010204181996,19.08724851499859,0.9669421487603306,0.6933333333333334,691.1474358974359,135.62292833443234,64.65811965811966,219.2094017094017,685.2600071225132,0.2757817077678148,0.24581080443965453,0.942773045089803,0.9625251293182373,not assessable (single frame),,,
IXMtest_A02_s1_w1051DAA7C-7042-435F-99F0-1E847D9B42CB.tif,26,650.0,95.25483399593905,0.9002210661121655,0.7182263169246144,1.437174829353892,34.608045714015915,24.080609406146216,0.9687034277198212,0.7575757575757576,744.7461538461539,133.65709924098604,66.17076923076922,146.22307692307692,1163.5063847610775,0.22688763516565835,0.18374018237204942,0.9027321987652296,0.9702786803245544,not assessable (single frame),,,
IXMtest_A02_s1_w1051DAA7C-7042-435F-99F0-1E847D9B42CB.tif,27,621.0,104.22539674441619,0.7183801940915655,0.9092052949906548,2.4018364090512194,43.750913989308934,18.21560944968419,0.9598145285935085,0.5544642857142857,455.7294685990338,64.59032984666908,73.96940418679549,677.6183574879227,728.9307006471785,0.4252566314894828,0.40019026263627266,0.9434016376734572,0.9623947739601135,not assessable (cut by image edge),,,
IXMtest_A02_s1_w1051DAA7C-7042-435F-99F0-1E847D9B42CB.tif,28,926.0,121.15432893255071,0.7927622797279441,0.8128895069867527,1.716980096650375,45.55082872937126,26.52961954435904,0.9477993858751279,0.7095785440613027,795.7267818574514,119.3467092755956,79.50539956803456,42.950323974082075,1056.7214861049224,0.2877897508208732,0.24264384801127536,0.928182414529709,0.9762712717056274,not assessable (single frame),,,
IXMtest_A02_s1_w1051DAA7C-7042-435F-99F0-1E847D9B42CB.tif,29,608.0,98.42640687119284,0.7886606656556397,0.8725863462792973,2.0472509857607633,39.825734069764906,19.453273851992098,0.9635499207606973,0.7423687423687424,518.4802631578947,84.56354434098476,76.79111842105263,374.8108552631579,775.4777207441841,0.23184759051255788,0.197480831999818,0.933573269082519,0.9585518836975098,not assessable (single frame),,,
IXMtest_A02_s1_w1051DAA7C-7042-435F-99F0-1E847D9B42CB.tif,30,563.0,107.39696961967,0.6133864873891521,0.6787130776292425,1.3616492115682817,35.11203120683649,25.78639998358766,0.8147612156295224,0.554679802955665,509.2486678507993,91.08644798332116,83.83303730017762,640.1616341030195,637.426043693342,0.41888690320379296,0.3938333670063575,0.9418827555980269,0.9581260085105896,abnormal morphology,R-ABN,0.99,solidity
IXMtest_A02_s1_w1051DAA7C-7042-435F-99F0-1E847D9B42CB.tif,31,119.0,47.55634918610404,0.6612106056786744,0.9414310684076965,2.9655507560685495,21.65304248374852,7.301524831243861,0.967479674796748,0.7727272727272727,686.7142857142857,121.31320273269067,82.96638655462185,2.504201680672269,1098.1596062667506,0.1690460453492334,0.1573901242414937,0.8852386544195945,0.8856598734855652,not assessable (cut by image edge),,,
IXMtest_A02_s1_w1051DAA7C-7042-435F-99F0-1E847D9B42CB.tif,32,689.0,102.32590180780451,0.8269093913336705,0.8379995567450774,1.8326063937162644,40.239041376472606,21.957274357683303,0.9663394109396914,0.6788177339901478,674.322206095791,120.78923138407332,91.49346879535558,99.56748911465893,563.5673536656068,0.31839112054530494,0.27404695296234116,0.954808174338501,0.9632967114448547,not assessable (single frame),,,
IXMtest_A02_s1_w1051DAA7C-7042-435F-99F0-1E847D9B42CB.tif,33,631.0,93.25483399593904,0.9117935519150445,0.6698022368597405,1.3467296361121974,32.92707377112959,24.449654101460943,0.9692780337941628,0.7538829151732378,535.9556259904913,68.03055570515846,95.50871632329635,256.3486529318542,759.5876428330682,0.222109416606273,0.18657332455602288,0.9144846641764899,0.963390052318573,not assessable (single frame),,,
IXMtest_A02_s1_w1051DAA7C-7042-435F-99F0-1E847D9B42CB.tif,34,654.0,97.59797974644665,0.86279169569556,0.7632606928671594,1.5477704497393432,35.992801918038595,23.254612416266294,0.9646017699115044,0.7694117647058824,485.56269113149847,72.29347817924673,99.26146788990826,430.76146788990826,768.7373228609531,0.20630720202213204,0.17301158419735357,0.9296956191687306,0.9598717093467712,not assessable (single frame),,,
IXMtest_A02_s1_w1051DAA7C-7042-435F-99F0-1E847D9B42CB.tif,35,500.0,88.76955262170048,0.79735515451575,0.8537203586764629,1.920374572078205,35.19314976978099,18.326190255526768,0.9596928982725528,0.7518796992481203,682.836,88.95203822285355,98.202,33.234,1759.8179529706622,0.223581083025878,0.17860084587443614,0.8107330293407373,0.9699181914329529,not assessable (single frame),,,
IXMtest_A02_s1_w1051DAA7C-7042-435F-99F0-1E847D9B42CB.tif,36,201.0,59.11269837220809,0.7228436206191303,0.9106072562156285,2.419709083590927,25.065173776802435,10.358755086212637,0.9220183486238532,0.5710227272727273,2494.6169154228855,920.0924177637299,114.3681592039801,373.547263681592,1339.0521239177542,0.371138660289034,0.34684352363472687,0.9071300267724596,0.7214815616607666,apoptotic/dead,R-PYK,0.712,
IXMtest_A02_s1_w1051DAA7C-7042-435F-99F0-1E847D9B42CB.tif,37,583.0,89.25483399593904,0.9196338016115877,0.6198430999422072,1.2743305245985677,30.86593549180938,24.221294943501878,0.966832504145937,0.7474358974358974,865.0994854202402,246.42664835322321,117.00514579759863,217.11663807890224,476.84156233420737,0.22795223383186244,0.18732391311473676,0.9577515132023384,0.9568096995353699,not assessable (single frame),,,
IXMtest_A02_s1_w1051DAA7C-7042-435F-99F0-1E847D9B42CB.tif,38,825.0,111.25483399593905,0.8375794867799738,0.8353749464792569,1.8192384898065788,43.752621874325804,24.049964927345826,0.974025974025974,0.7994186046511628,647.6024242424243,108.78760844737238,116.59636363636363,654.84,617.4591453408294,0.19119051917031174,0.14915527301816678,0.9353732695689154,0.96926349401474,not assessable (single frame),,,
IXMtest_A02_s1_w1051DAA7C-7042-435F-99F0-1E847D9B42CB.tif,39,948.0,128.22539674441617,0.724552898872177,0.9070854849361246,2.375599019536271,53.64999947188458,22.58377740968984,0.9713114754098361,0.6448979591836734,601.5675105485232,91.58760694615461,121.87341772151899,529.5105485232068,591.2814431591307,0.34081408223281334,0.3092470846427265,0.9447538215220768,0.9684646725654602,not assessable (single frame),,,
IXMtest_A02_s1_w1051DAA7C-7042-435F-99F0-1E847D9B42CB.tif,40,810.0,106.08326112068524,0.904484562737811,0.5127282193478421,1.1647532080835956,34.905036037798276,29.96775264970389,0.9688995215311005,0.7685009487666035,616.6666666666666,97.99244112949998,125.62222222222222,24.576543209876544,546.312977497952,0.22417048306853182,0.1784505274457009,0.9497007454360786,0.9676207900047302,not assessable (single frame),,,
IXMtest_A02_s1_w1051DAA7C-7042-435F-99F0-1E847D9B42CB.tif,41,679.0,109.05382386916236,0.7174602453187278,0.8972782229090887,2.2651826525427,44.986269499620576,19.859886110783535,0.9443671766342142,0.5547385620915033,509.7363770250368,70.01217873739833,134.79528718703978,270.1958762886598,468.37528258777417,0.43070683596089476,0.4008840681949887,0.9422722114474348,0.9602949619293213,not assessable (single frame),,,
IXMtest_A02_s1_w1051DAA7C-7042-435F-99F0-1E847D9B42CB.tif,42,557.0,89.84062043356595,0.8672006091331683,0.7738195553384367,1.5787659602705029,33.5785044185625,21.268829746499744,0.9636678200692042,0.7252604166666666,600.342908438061,151.21661911558348,134.9210053859964,158.3644524236984,715.1761738838137,0.26398581050840597,0.21633506491215684,0.938812433597181,0.9595668911933899,not assessable (single frame),,,
IXMtest_A02_s1_w1051DAA7C-7042-435F-99F0-1E847D9B42CB.tif,43,867.0,113.9827560572969,0.8385918818877951,0.7431486732306936,1.4944860943666816,40.95587916708862,27.404657240684795,0.9537953795379538,0.6880952380952381,528.1072664359862,98.63275835067815,145.4325259515571,90.16608996539793,562.6694504468455,0.31166128530879583,0.2623469451306767,0.9451956196409828,0.9678573608398438,not assessable (single frame),,,
IXMtest_A02_s1_w1051DAA7C-7042-435F-99F0-1E847D9B42CB.tif,44,1170.0,131.74011537017762,0.8471486964336095,0.7879841937115911,1.6241795667884111,49.39783131940702,30.414020918317764,0.97581317764804,0.7779255319148937,909.8333333333334,190.1524545802814,162.94786324786324,394.94444444444446,439.07408936153126,0.22366744998200072,0.17970876671234368,0.9625715221299198,0.9710933566093445,not assessable (single frame),,,
IXMtest_A02_s1_w1051DAA7C-7042-435F-99F0-1E847D9B42CB.tif,45,937.0,123.05382386916236,0.7776053272513774,0.8590500960901961,1.9535388905504683,48.756750968223436,24.958167561478522,0.9464646464646465,0.6453168044077136,1017.9690501600854,248.91564215138368,165.57950907150482,484.9519743863394,312.51120810209204,0.34654708551292224,0.3099265676409295,0.967228524318192,0.9695655107498169,not assessable (single frame),,,
IXMtest_A02_s1_w1051DAA7C-7042-435F-99F0-1E847D9B42CB.tif,46,779.0,108.08326112068522,0.8379738032924741,0.7926550415103497,1.6402305498617191,40.551295852367275,24.722924381445026,0.9641089108910891,0.7260018639328985,670.0590500641848,152.4760773075152,173.85622593068035,51.80744544287548,458.4273593174487,0.26769083495540225,0.22443636541965387,0.9624739614476265,0.9676718711853027,not assessable (single frame),,,
IXMtest_A02_s1_w1051DAA7C-7042-435F-99F0-1E847D9B42CB.tif,47,663.0,99.84062043356595,0.8358124772187996,0.8268385658881134,1.7779695848830768,38.90761245475345,21.883170997726655,0.9692982456140351,0.7727272727272727,477.209653092006,72.2062975721665,167.32428355957768,579.3469079939669,808.1724043500428,0.2066849115162121,0.17039911743791986,0.9229379297020908,0.9653149843215942,not assessable (single frame),,,
IXMtest_A02_s1_w1051DAA7C-7042-435F-99F0-1E847D9B42CB.tif,48,824.0,108.91168824543142,0.8729474395683922,0.7456703128736345,1.5007914896734984,39.707786378342895,26.457896817486247,0.9705535924617197,0.7545787545787546,466.8021844660194,71.89071699046315,176.11165048543688,194.76577669902912,632.0347847003402,0.22978289144662561,0.1917171972613082,0.9391845747610537,0.9652954339981079,not assessable (single frame),,,
IXMtest_A02_s1_w1051DAA7C-7042-435F-99F0-1E847D9B42CB.tif,49,171.0,60.3492424049175,0.5900140169961687,0.9535664570786907,3.3202439506954975,27.782807512737605,8.367700664560473,0.9661016949152542,0.7633928571428571,571.719298245614,89.96934261199121,179.05263157894737,2.9005847953216373,2085.002810846558,0.21962680956395947,0.18285893162563405,0.8234967412655015,0.9061815738677979,not assessable (cut by image edge),,,
IXMtest_A02_s1_w1051DAA7C-7042-435F-99F0-1E847D9B42CB.tif,50,672.0,101.59797974644665,0.8181048978421586,0.8546168130665733,1.9258205264126793,40.64583682131289,21.10572416476726,0.9725036179450073,0.8,746.9047619047619,161.1372340323923,193.98363095238096,131.36458333333334,602.2091380494525,0.1835353264622677,0.14652915191972393,0.940547689839428,0.9610415101051331,not assessable (single frame),,,
IXMtest_A02_s1_w1051DAA7C-7042-435F-99F0-1E847D9B42CB.tif,51,744.0,103.32590180780451,0.8757182303237299,0.5992667055208978,1.2491420796919235,34.61472005302976,27.71079496542683,0.96248382923674,0.7058823529411765,543.010752688172,71.56931291444933,193.53360215053763,16.697580645161292,840.4250778659674,0.28055581931489504,0.24137895211432828,0.9205460382311367,0.9670255780220032,not assessable (cut by image edge),,,
IXMtest_A02_s1_w1051DAA7C-7042-435F-99F0-1E847D9B42CB.tif,52,982.0,123.9827560572969,0.8027841317088571,0.8590293169646,1.9534058260167952,49.47483818838122,25.327475494053246,0.9742063492063492,0.7115942028985507,651.9338085539715,118.20954976376633,197.949083503055,289.26374745417513,486.15811566437367,0.28668422584671494,0.24649307376666746,0.9587093115299523,0.9691158533096313,not assessable (single frame),,,
IXMtest_A02_s1_w1051DAA7C-7042-435F-99F0-1E847D9B42CB.tif,53,688.0,103.49747468305833,0.8071212763516329,0.8431105318306263,1.8596337274552097,40.4161175575116,21.733375212988033,0.9649368863955119,0.7166666666666667,469.81976744186045,67.66806866037324,209.97238372093022,617.5377906976744,813.8469109996227,0.2579993421544444,0.22658355829107152,0.9330023168535768,0.9641336798667908,not assessable (single frame),,,
IXMtest_A02_s1_w1051DAA7C-7042-435F-99F0-1E847D9B42CB.tif,54,809.0,107.84062043356595,0.8741654345780919,0.729549176549337,1.4621414482599178,39.20932361333156,26.81636832058502,0.9723557692307693,0.7884990253411306,617.875154511743,110.93451999416517,209.6229913473424,71.7911001236094,486.52300579932603,0.2074076547460802,0.1612324837139531,0.9508488511716879,0.9718900322914124,not assessable (single frame),,,
IXMtest_A02_s1_w1051DAA7C-7042-435F-99F0-1E847D9B42CB.tif,55,859.0,116.91168824543142,0.7897455073714758,0.849138726912374,1.8933302282009774,45.85328463994324,24.218323859706476,0.9717194570135747,0.7230639730639731,657.9243306169965,118.57763984951735,215.92898719441212,251.63213038416762,442.4897964062361,0.2765438280486829,0.2332683404047584,0.9522829268529975,0.9626157283782959,not assessable (single frame),,,
IXMtest_A02_s1_w1051DAA7C-7042-435F-99F0-1E847D9B42CB.tif,56,613.0,100.56854249492379,0.7616334796021116,0.8767801575433412,2.079471506034634,40.38536879949123,19.420977244599285,0.9563182527301092,0.6136136136136137,508.884176182708,86.15963385797274,212.40130505709624,478.6574225122349,537.9748888846119,0.3645964293685093,0.3312482704109187,0.9491789062847119,0.9597276449203491,not assessable (single frame),,,
IXMtest_A02_s1_w1051DAA7C-7042-435F-99F0-1E847D9B42CB.tif,57,806.0,106.32590180780453,0.8959148930416251,0.694611363284839,1.3900758753139317,37.80966850972991,27.199715627890495,0.9664268585131894,0.7575187969924813,458.88585607940445,52.879063984623976,218.9466501240695,169.53349875930522,729.1912024806579,0.2180492416631622,0.18282751135359235,0.9290191205375875,0.9673005938529968,not assessable (single frame),,,
IXMtest_A02_s1_w1051DAA7C-7042-435F-99F0-1E847D9B42CB.tif,58,713.0,100.32590180780451,0.8901706059302659,0.570928135145602,1.218026738312873,33.46769741684077,27.476980893866035,0.9609164420485176,0.7231237322515213,475.05890603085555,70.55809902437612,216.60589060308556,412.3899018232819,714.0816248913458,0.2509596166809263,0.21625224431137346,0.9398988665767288,0.9615010023117065,not assessable (single frame),,,
IXMtest_A02_s1_w1051DAA7C-7042-435F-99F0-1E847D9B42CB.tif,59,550.0,89.74011537017762,0.8582213345308871,0.778762758227741,1.5940864428518287,33.61368666058382,21.086489262432195,0.9615384615384616,0.6539833531510107,544.3127272727273,78.97857259361948,222.40727272727273,551.2436363636364,824.286747888813,0.3100046338429095,0.2839124927474906,0.9309862185374824,0.9631319046020508,not assessable (single frame),,,
IXMtest_A02_s1_w1051DAA7C-7042-435F-99F0-1E847D9B42CB.tif,60,728.0,104.91168824543142,0.8311769515530073,0.814105442122685,1.7220089288276332,40.10396620548126,23.28905822386448,0.9591567852437418,0.728,572.5714285714286,106.29344803778538,237.94505494505495,12.391483516483516,562.4649065170937,0.25104046680213865,0.21499932013746761,0.9547413692123968,0.9613827466964722,not assessable (cut by image edge),,,
IXMtest_A02_s1_w1051DAA7C-7042-435F-99F0-1E847D9B42CB.tif,61,768.0,107.01219330881976,0.8427612396056309,0.7831827895399873,1.6082560424580474,39.80697160949877,24.751638146285504,0.9576059850374065,0.7773279352226721,774.3268229166666,167.64214649225636,244.33203125,287.2994791666667,575.6972896378167,0.20043244564664883,0.15905361272053092,0.9457458444045437,0.9676359295845032,not assessable (single frame),,,
IXMtest_A02_s1_w1051DAA7C-7042-435F-99F0-1E847D9B42CB.tif,62,534.0,91.59797974644667,0.7997961897336957,0.871366789517927,2.038186808771557,37.269366049649705,18.285549631298252,0.9638989169675091,0.7416666666666667,596.3295880149813,101.93820181716916,250.40074906367042,199.47378277153558,958.6443483709047,0.22598869033117505,0.19844508354629092,0.9241134106849763,0.9592094421386719,not assessable (single frame),,,
IXMtest_A02_s1_w1051DAA7C-7042-435F-99F0-1E847D9B42CB.tif,63,720.0,98.5685424949238,0.9312487243067027,0.4323149899857715,1.108988437493341,32.082649078082035,28.92965155759316,0.975609756097561,0.7272727272727273,475.04027777777776,86.51168700708436,248.33333333333334,385.075,538.5104427899666,0.2571753572271272,0.22090462000241734,0.9504216959475965,0.9646222591400146,not assessable (single frame),,,
IXMtest_A02_s1_w1051DAA7C-7042-435F-99F0-1E847D9B42CB.tif,64,605.0,93.01219330881975,0.8787907310454401,0.7007512941170762,1.4017270506616275,33.22955110856143,23.706149562339395,0.9572784810126582,0.75625,617.8033057851239,96.4847574429446,262.48429752066113,107.44628099173553,1142.0713319052209,0.2356958424580069,0.18109045208660735,0.8467644709683881,0.972689151763916,not assessable (single frame),,,
IXMtest_A02_s1_w1051DAA7C-7042-435F-99F0-1E847D9B42CB.tif,65,668.0,97.1543289325507,0.8893280977812882,0.6616337661697667,1.3336406876183213,33.81421488981119,25.35481648373987,0.9653179190751445,0.7068783068783069,477.53443113772454,83.56341677360966,267.02095808383234,488.4940119760479,594.8967362158545,0.2720406836472876,0.23696278182005548,0.9446244978294083,0.962424635887146,not assessable (single frame),,,
IXMtest_A02_s1_w1051DAA7C-7042-435F-99F0-1E847D9B42CB.tif,66,705.0,99.15432893255071,0.9011054612401428,0.4071752847710156,1.0948704889230865,31.564529283085445,28.82946394338593,0.9710743801652892,0.7106854838709677,481.01418439716315,83.20324477234556,269.67517730496456,410.3900709219858,641.4137812174963,0.2654190241148951,0.23122504477168265,0.9471493190971229,0.9627436399459839,not assessable (single frame),,,
IXMtest_A02_s1_w1051DAA7C-7042-435F-99F0-1E847D9B42CB.tif,67,551.0,97.59797974644665,0.7269085998902959,0.9051035183975286,2.3518826866968108,40.71284470325297,17.31074637929056,0.9532871972318339,0.6904761904761905,543.010889292196,96.90206793828247,264.7477313974592,573.4301270417423,805.3396514935894,0.28926985655932547,0.25306263613278235,0.9312898621174376,0.962115466594696,not assessable (single frame),,,
IXMtest_A02_s1_w1051DAA7C-7042-435F-99F0-1E847D9B42CB.tif,68,1055.0,120.22539674441617,0.9172123332396908,0.4048705155529595,1.0936443598024794,38.496706063828334,35.20038824209831,0.9759481961147086,0.7514245014245015,579.2985781990521,84.52493923942636,273.3649289099526,641.1488151658767,665.183879169075,0.24023103828001696,0.20198248915598604,0.9405812548895394,0.9714908599853516,not assessable (single frame),,,
IXMtest_A02_s1_w1051DAA7C-7042-435F-99F0-1E847D9B42CB.tif,69,623.0,94.18376618407358,0.8825631799721564,0.7143418484143063,1.4289860060485027,33.81819422399811,23.665868021698635,0.9599383667180277,0.7866161616161617,612.8410914927769,140.41953459229535,283.47993579454254,72.36276083467095,602.3678488348213,0.18825443898827796,0.14767403829760126,0.9438337736675848,0.9638636708259583,not assessable (single frame),,,
IXMtest_A02_s1_w1051DAA7C-7042-435F-99F0-1E847D9B42CB.tif,70,456.0,81.9411254969543,0.8534358003833576,0.7526294955417792,1.518731443194507,29.911603029532678,19.69512329751761,0.96,0.7402597402597403,732.921052631579,138.7357955262285,282.0416666666667,106.84429824561404,1104.8935986852741,0.23570684202127018,0.19688759565803743,0.9021464073008677,0.9674420356750488,not assessable (single frame),,,
IXMtest_A02_s1_w1051DAA7C-7042-435F-99F0-1E847D9B42CB.tif,71,1179.0,132.71067811865476,0.8412245383568843,0.7564587655128286,1.5289552307817251,48.096882446389316,31.457351711860337,0.9695723684210527,0.7017857142857142,908.9737065309585,188.9850804476605,300.6005089058524,349.7311280746395,510.39618906073565,0.2892174178270924,0.24931084778091597,0.9588767087225886,0.977031946182251,not assessable (single frame),,,
IXMtest_A02_s1_w1051DAA7C-7042-435F-99F0-1E847D9B42CB.tif,72,782.0,106.08326112068522,0.8732184297048994,0.7418520536923093,1.4912828737912847,38.61859298989065,25.896222419366154,0.9654320987654321,0.7621832358674464,687.1432225063938,135.18461355889633,298.71227621483376,268.99488491048595,629.1914465072433,0.21976957601466607,0.17783496339315918,0.9470407077583418,0.9686524271965027,not assessable (single frame),,,
IXMtest_A02_s1_w1051DAA7C-7042-435F-99F0-1E847D9B42CB.tif,73,644.0,96.66904755831213,0.8660059023712834,0.7312289575907206,1.4659916892110314,34.81636140930674,23.74935797081103,0.9611940298507463,0.736,487.8229813664596,87.98978113200441,298.8524844720497,529.5481366459627,604.2920273109218,0.23669873191113416,0.2019053573445265,0.9387355959967991,0.9655553102493286,not assessable (single frame),,,
IXMtest_A02_s1_w1051DAA7C-7042-435F-99F0-1E847D9B42CB.tif,74,213.0,63.798989873223334,0.6576000873847005,0.9291345899606646,2.704590908083335,27.875512605188955,10.306739005102818,0.9726027397260274,0.7607142857142857,824.7840375586854,185.2231754444521,310.23474178403757,3.7464788732394365,790.2889917695425,0.21356743294734393,0.18858402473765618,0.9272892232019784,0.9209316968917847,not assessable (cut by image edge),,,
IXMtest_A02_s1_w1051DAA7C-7042-435F-99F0-1E847D9B42CB.tif,75,1231.0,140.12489168102783,0.7878387487765877,0.8437751642649489,1.8632493624373019,54.16348208099056,29.06936836953468,0.9677672955974843,0.6575854700854701,550.8870836718115,82.59805144716125,317.69780666125104,172.90982940698618,492.2503337927522,0.3386437496535676,0.3004837593703789,0.9576425269195115,0.9716179370880127,not assessable (single frame),,,
IXMtest_A02_s1_w1051DAA7C-7042-435F-99F0-1E847D9B42CB.tif,76,18.0,13.65685424949238,1.0,0.4054751016117751,1.0939649259730677,5.052807555956477,4.618802153517006,0.8571428571428571,0.72,440.05555555555554,60.727508156630144,299.94444444444446,194.11111111111111,13262.906249999996,0.05233680723618208,0.18265750993238397,0.20008193672201813,0.7930240035057068,abnormal morphology,R-ABN,0.99,solidity
IXMtest_A02_s1_w1051DAA7C-7042-435F-99F0-1E847D9B42CB.tif,77,553.0,89.49747468305833,0.8675877933174595,0.7521344004624032,1.5174282444320462,32.89551098716309,21.67846229821263,0.9534482758620689,0.69125,546.7396021699819,112.21355337060996,309.78119349005425,460.19529837251355,677.6499138944788,0.28350786443028286,0.24899818990264344,0.9387336405620627,0.9583811163902283,not assessable (single frame),,,
IXMtest_A02_s1_w1051DAA7C-7042-435F-99F0-1E847D9B42CB.tif,78,848.0,112.32590180780453,0.8445899090151374,0.7115914810215027,1.4232981986099826,39.520456717389195,27.766814259995233,0.9603624009060022,0.7247863247863248,574.5672169811321,80.06520167721615,319.5294811320755,328.6438679245283,844.4626407697277,0.26636940383130253,0.21713868417453328,0.8875193796107733,0.9723590016365051,not assessable (single frame),,,
IXMtest_A02_s1_w1051DAA7C-7042-435F-99F0-1E847D9B42CB.tif,79,889.0,119.25483399593904,0.7855243293295437,0.8668198371663765,2.0055293666058804,47.65273698432331,23.760677743138658,0.9694656488549618,0.7881205673758865,616.4161979752531,117.66052867292349,315.49381327334083,606.3532058492689,717.7791455509846,0.1967829380900894,0.1588311580233822,0.9366245392293351,0.9695206880569458,not assessable (single frame),,,
IXMtest_A02_s1_w1051DAA7C-7042-435F-99F0-1E847D9B42CB.tif,80,566.0,87.25483399593904,0.9342160021060057,0.5865569635684126,1.2347081773123871,29.856490959130515,24.181010142914666,0.9675213675213675,0.7486772486772487,614.3409893992933,120.67582944001347,332.9911660777385,76.34098939929329,616.8166420770692,0.22958462266363383,0.18782819201224255,0.9372932378739398,0.9660511016845703,not assessable (single frame),,,
IXMtest_A02_s1_w1051DAA7C-7042-435F-99F0-1E847D9B42CB.tif,81,708.0,102.66904755831214,0.8440419950834002,0.7937639362152098,1.644125822186633,38.74206454219751,23.563929243974677,0.9711934156378601,0.7452631578947368,473.04661016949154,68.9430234531336,346.6214689265537,294.6779661016949,629.2562692626722,0.23890751712290895,0.20503920504586323,0.9319582456487706,0.96905916929245,not assessable (single frame),,,
IXMtest_A02_s1_w1051DAA7C-7042-435F-99F0-1E847D9B42CB.tif,82,625.0,97.25483399593905,0.8303620407521947,0.646527403789155,1.3108036544728872,32.861980327252034,25.070101242940773,0.9328358208955224,0.7467144563918757,494.9056,100.14523397865722,345.416,426.7152,631.3403486199145,0.22576663151210474,0.192710444863028,0.9422928692422132,0.9577734470367432,not assessable (single frame),,,
IXMtest_A02_s1_w1051DAA7C-7042-435F-99F0-1E847D9B42CB.tif,83,671.0,100.42640687119285,0.8360582471506492,0.8234745595429372,1.7625704866876082,38.862670391498405,22.048860278225167,0.9668587896253602,0.782051282051282,534.1296572280179,92.75920881187811,352.88375558867364,555.3546944858421,603.4830892791483,0.19441255826628884,0.15700370976946537,0.9344769460433299,0.9640712141990662,not assessable (single frame),,,
IXMtest_A02_s1_w1051DAA7C-7042-435F-99F0-1E847D9B42CB.tif,84,1285.0,135.0538238691624,0.8853178514119856,0.6051630514664005,1.2561211537068129,45.42718326799821,36.164651103870526,0.9720121028744326,0.747093023255814,525.7743190661479,73.96495411859526,367.8692607003891,227.13540856031128,594.3883547895981,0.24046674304352303,0.20508361936997005,0.9395635548941061,0.9741348624229431,not assessable (single frame),,,
IXMtest_A02_s1_w1051DAA7C-7042-435F-99F0-1E847D9B42CB.tif,85,536.0,88.42640687119285,0.8614115633443823,0.8053667591590244,1.6869754869144553,33.95873172944396,20.129949719397416,0.9657657657657658,0.7204301075268817,578.0690298507462,115.40029655003028,366.73880597014926,69.26865671641791,682.2549984416478,0.25962044278623314,0.22404083963903548,0.9446382992006391,0.9637711048126221,not assessable (single frame),,,
IXMtest_A02_s1_w1051DAA7C-7042-435F-99F0-1E847D9B42CB.tif,86,751.0,118.42640687119285,0.6729033580105346,0.9280307496845578,2.684537856164873,50.74244014046749,18.901741327260726,0.9615877080665813,0.7750257997936016,474.2290279627164,81.1976481525166,372.45672436751,607.4966711051931,549.2852413714093,0.20179477059526124,0.16273509478618742,0.9291130736578961,0.9655439257621765,not assessable (single frame),,,
IXMtest_A02_s1_w1051DAA7C-7042-435F-99F0-1E847D9B42CB.tif,87,774.0,107.49747468305831,0.8416941345336698,0.7636209422319749,1.5487912193188165,39.26212210656176,25.35017090543029,0.9567367119901112,0.7133640552995392,593.9728682170543,108.3163876444456,394.9987080103359,678.6162790697674,612.4986992861603,0.26964383951679904,0.23243461814134986,0.9496264749776668,0.9715269207954407,not assessable (cut by image edge),,,
IXMtest_A02_s1_w1051DAA7C-7042-435F-99F0-1E847D9B42CB.tif,88,899.0,119.49747468305833,0.7911377370170283,0.8688823345420352,2.0201258058617872,48.188872415587355,23.854391778847624,0.9718918918918918,0.739917695473251,617.3081201334817,140.20569527071197,401.21913236929925,255.39822024471636,347.9470830095884,0.25824667783987354,0.21389187120630204,0.9630669480970505,0.9708048105239868,not assessable (single frame),,,
IXMtest_A02_s1_w1051DAA7C-7042-435F-99F0-1E847D9B42CB.tif,89,1040.0,120.46803743153545,0.9005327941423928,0.6263373433830807,1.2827878395770407,41.33136845385734,32.21995654985712,0.9737827715355806,0.7282913165266106,589.4,100.82193747852239,398.7355769230769,212.08653846153845,597.3297783636784,0.26383149450206345,0.2272101290386473,0.9526208991751652,0.9715607762336731,not assessable (single frame),,,
IXMtest_A02_s1_w1051DAA7C-7042-435F-99F0-1E847D9B42CB.tif,90,1025.0,125.63961030678928,0.8159819801110161,0.8052437923122397,1.6865002705829477,47.197495932398795,27.985465970951033,0.9543761638733705,0.6851604278074866,968.5131707317073,246.34645457199167,408.2887804878049,317.4936585365854,392.92702527387456,0.31003743518700577,0.2680076255703929,0.9607576002344135,0.9707625508308411,not assessable (single frame),,,
IXMtest_A02_s1_w1051DAA7C-7042-435F-99F0-1E847D9B42CB.tif,91,805.0,108.66904755831214,0.8566314662198543,0.7941284378032086,1.6454134952672115,41.21402597725586,25.047822991486278,0.9757575757575757,0.7853658536585366,612.4683229813664,114.59827994674626,399.2298136645963,592.6844720496895,568.7416671748038,0.20732460173153924,0.16624487962735357,0.9453958863322027,0.9723449945449829,not assessable (single frame),,,
IXMtest_A02_s1_w1051DAA7C-7042-435F-99F0-1E847D9B42CB.tif,92,1325.0,133.88225099390857,0.9289230319308964,0.5889172798976371,1.2373277273181214,45.70412229405781,36.937766191597774,0.9807549962990377,0.7784958871915394,510.9818867924528,80.33649780429118,426.9690566037736,137.01207547169813,643.8112987081171,0.21761835506040791,0.18017935434900847,0.9319294213551572,0.9755616188049316,not assessable (single frame),,,
IXMtest_A02_s1_w1051DAA7C-7042-435F-99F0-1E847D9B42CB.tif,93,478.0,83.59797974644667,0.8595006235222492,0.7714313255510906,1.5715546391417063,31.022659651831507,19.740108857286895,0.9598393574297188,0.7709677419354839,585.9246861924686,122.8418489393698,429.5794979079498,415.0188284518828,738.1156246462949,0.19549107431479745,0.16368544716830918,0.928188520260899,0.958078920841217,not assessable (single frame),,,
IXMtest_A02_s1_w1051DAA7C-7042-435F-99F0-1E847D9B42CB.tif,94,749.0,105.59797974644665,0.8440738828346263,0.8443371758958774,1.8663254879903737,42.207206607884174,22.6151370055671,0.9778067885117493,0.8303769401330376,530.5634178905207,84.7068788467947,439.80106809078774,31.578104138851803,691.1253256651913,0.16214178840259771,0.12278040074155122,0.9263286530775479,0.9675352573394775,not assessable (single frame),,,
IXMtest_A02_s1_w1051DAA7C-7042-435F-99F0-1E847D9B42CB.tif,95,520.0,90.91168824543142,0.7906308606562401,0.8643682045463811,1.9886273162971064,36.501701177111435,18.355224670793962,0.9701492537313433,0.6190476190476191,540.2134615384615,90.46245827551074,448.69807692307694,682.4153846153846,618.48034573983,0.35897548579129446,0.3302368017280511,0.9474976182635302,0.9570927619934082,not assessable (cut by image edge),,,
IXMtest_A02_s1_w1051DAA7C-7042-435F-99F0-1E847D9B42CB.tif,96,832.0,107.84062043356595,0.899018098354725,0.5009550230578094,1.1554371217837913,35.324176629624716,30.572132367610287,0.9685681024447031,0.8132942326490714,443.08413461538464,67.51826774332115,458.109375,204.37259615384616,537.3518924120308,0.18170964744160295,0.13992111917968475,0.9359074167917534,0.9693511724472046,not assessable (single frame),,,
IXMtest_A02_s1_w1051DAA7C-7042-435F-99F0-1E847D9B42CB.tif,97,827.0,105.25483399593904,0.938061414322707,0.5588175885038665,1.2058499124833868,35.74375220549589,29.64195778882916,0.9810201660735468,0.8147783251231527,667.334945586457,127.41383612038528,457.6106408706167,540.5441354292624,663.1786428364466,0.17854193145975028,0.14048946319445882,0.9208315764835315,0.9744924902915955,not assessable (single frame),,,
IXMtest_A02_s1_w1051DAA7C-7042-435F-99F0-1E847D9B42CB.tif,98,563.0,92.18376618407356,0.8325481578788488,0.8105128194372777,1.7072978010833633,35.35749074582555,20.709621205737808,0.9510135135135135,0.7526737967914439,528.0337477797514,110.58867477718361,469.86856127886324,281.16341030195383,590.6661737697943,0.2244558547580837,0.18240553766674222,0.9257727841846217,0.9643118977546692,not assessable (single frame),,,
IXMtest_A02_s1_w1051DAA7C-7042-435F-99F0-1E847D9B42CB.tif,99,544.0,91.59797974644667,0.8147736464702818,0.7307910963268263,1.464984278548282,32.447257041042775,22.148536005585125,0.9379310344827586,0.7019354838709677,534.2665441176471,104.47722056026402,476.87132352941177,301.25,658.9016630824304,0.2807176004176727,0.24467663069116988,0.9392545622695927,0.9622491002082825,not assessable (single frame),,,
IXMtest_A02_s1_w1051DAA7C-7042-435F-99F0-1E847D9B42CB.tif,100,819.0,118.81118318204308,0.7290866130724587,0.8846764184421292,2.1449765118565365,47.749595941154226,22.2611276520812,0.9658018867924528,0.609375,658.07326007326,127.25662497966711,481.44200244200243,595.3162393162393,512.139021580326,0.3791686875246238,0.3482516761656697,0.9549406398258272,0.9698614478111267,not assessable (single frame),,,
IXMtest_A02_s1_w1051DAA7C-7042-435F-99F0-1E847D9B42CB.tif,101,974.0,119.05382386916237,0.8635393311239791,0.7664973990263018,1.5570323561430262,44.04057509195937,28.284945343752305,0.973026973026973,0.6937321937321937,587.0728952772074,94.8892568856745,478.6714579055442,656.1786447638603,661.3002695038884,0.2940507583658368,0.2599183446550023,0.944430645275488,0.9733631014823914,not assessable (single frame),,,
IXMtest_A02_s1_w1051DAA7C-7042-435F-99F0-1E847D9B42CB.tif,102,502.0,85.84062043356595,0.8561066790788767,0.8184940317999345,1.7405985004062876,33.4707230379557,19.229433456447893,0.963531669865643,0.6972222222222222,557.300796812749,109.18008059790526,484.9203187250996,366.7171314741036,743.7011181909157,0.2685584445005885,0.24441942077914142,0.9370791056246046,0.9582815766334534,not assessable (single frame),,,
IXMtest_A02_s1_w1051DAA7C-7042-435F-99F0-1E847D9B42CB.tif,103,702.0,102.5685424949238,0.838530005414238,0.8255688280062857,1.7721025269593544,39.922742049634884,22.528460651842728,0.9696132596685083,0.6724137931034483,451.7834757834758,71.96066795582344,495.43304843304844,145.97863247863248,692.4986084232694,0.30912475824603153,0.27325208474794915,0.9364744808631971,0.9669874310493469,not assessable (single frame),,,
IXMtest_A02_s1_w1051DAA7C-7042-435F-99F0-1E847D9B42CB.tif,104,256.0,64.62741699796952,0.7702225549293512,0.8536377419787763,1.9198752843423956,25.708053323253477,13.390480898898137,0.9588014981273408,0.757396449704142,583.5,87.65365972108637,498.5078125,4.8984375,953.0600320512801,0.21277555246345603,0.17912448673653442,0.9098292605340138,0.9428026676177979,not assessable (cut by image edge),,,
IXMtest_A02_s1_w1051DAA7C-7042-435F-99F0-1E847D9B42CB.tif,105,276.0,66.04163056034261,0.7952128170099534,0.7813416996895881,1.6022983992334363,24.43897727229354,15.25245065712199,0.965034965034965,0.736,663.3514492753624,119.19924419533952,501.07608695652175,689.213768115942,961.746061507936,0.2334256243390285,0.20256258456360815,0.9209499474056759,0.9450446963310242,not assessable (cut by image edge),,,
IXMtest_A02_s1_w1051DAA7C-7042-435F-99F0-1E847D9B42CB.tif,106,454.0,82.87005768508881,0.8307501618749658,0.762951578297878,1.5468965610063226,30.419433884758163,19.66481447535769,0.9537815126050421,0.8107142857142857,518.546255506608,87.68446293982103,510.6299559471366,529.5022026431718,766.5950814536278,0.1797102353950075,0.14086160591673239,0.9282895428580348,0.9579665660858154,not assessable (cut by image edge),,,
IXMtest_A02_s1_w1051DAA7C-7042-435F-99F0-1E847D9B42CB.tif,107,183.0,54.04163056034262,0.7874156919256622,0.8243366162944784,1.7664725392648066,21.03685081949134,11.908960004692023,0.9631578947368421,0.6931818181818182,335.60655737704917,27.681805601737594,514.7322404371585,427.39890710382514,2153.2955447330482,0.25819487096339633,0.23960539929974162,0.7802710525526935,0.8927732110023499,not assessable (cut by image edge),,,
IXMtest_A02_s1_w1051DAA7C-7042-435F-99F0-1E847D9B42CB.tif,108,94.0,38.72792206135785,0.7875702931628391,0.8978998477287526,2.2716957191171896,16.758220779950825,7.376965426718015,0.9494949494949495,0.7899159663865546,371.1489361702128,44.84297839834263,516.4148936170212,309.4148936170213,2520.031293767507,0.1522771012756744,0.13801055072441026,0.7849183193481633,0.8692195415496826,not assessable (cut by image edge),,,
