cell_id,label,rule,confidence,net_displacement_diameters,cell_diameter_um,feature,robust_z,n_frames,area_ratio,circularity,shortest_daughter_frames
U373-01-T1,migrating,R-MIG,0.578,1.16,34.9,,,,,,
U373-01-T2,migrating,R-MIG,0.852,1.72,39.8,,,,,,
U373-01-T3,indeterminate,net displacement between 0.5 and 1 cell diameter,,0.8,44.3,,,,,,
U373-01-T4,quiescent,R-QUI,0.554,0.44,68.8,,,,,,
U373-01-T4,abnormal morphology,R-ABN,0.561,,68.8,area,3.94,,,,
U373-01-T5,migrating,R-MIG,0.637,1.28,53.0,,,,,,
U373-01-T6,migrating,R-MIG,0.99,3.29,47.6,,,,,,
U373-01-T10,migrating,R-MIG,0.704,1.42,37.1,,,,,,
U373-01-T30,indeterminate,track shorter than 20 frames,,,26.9,,,19.0,,,
U373-01-T32,indeterminate,net displacement between 0.5 and 1 cell diameter,,0.78,42.1,,,,,,
U373-01-T32,apoptotic/dead,R-DEAD,0.775,,42.1,,,,0.26,0.94,
U373-01-T32,abnormal morphology,R-ABN,0.57,,42.1,solidity,-4.0,,,,
U373-02-T2,migrating,R-MIG,0.849,1.71,39.9,,,,,,
U373-02-T3,quiescent,R-QUI,0.941,0.05,37.5,,,,,,
U373-02-T4,migrating,R-MIG,0.559,1.12,41.5,,,,,,
U373-02-T5,indeterminate,net displacement between 0.5 and 1 cell diameter,,0.82,36.1,,,,,,
U373-02-T6,proliferating,R-PRO,0.99,,50.8,,,,,,8.0
U373-02-T6,migrating,R-MIG,0.671,1.35,50.8,,,,,,
U373-02-T7,migrating,R-MIG,0.99,4.28,41.1,,,,,,
U373-02-T9,indeterminate,track shorter than 20 frames,,,12.0,,,5.0,,,
U373-02-T10,indeterminate,track shorter than 20 frames,,,10.8,,,10.0,,,
U373-02-T10,abnormal morphology,R-ABN,0.672,,10.8,circularity,4.73,,,,
U373-02-T13,indeterminate,track shorter than 20 frames,,,23.4,,,6.0,,,
U373-02-T13,abnormal morphology,R-ABN,0.508,,23.4,circularity,3.56,,,,
U373-02-T16,migrating,R-MIG,0.666,1.34,48.4,,,,,,
U373-02-T17,indeterminate,track shorter than 20 frames,,,23.9,,,8.0,,,
U373-02-T24,indeterminate,net displacement between 0.5 and 1 cell diameter,,0.7,25.5,,,,,,
U373-02-T30,indeterminate,track shorter than 20 frames,,,23.5,,,18.0,,,
