image,n_true,n_pred,pixel_iou,pixel_dice,precision,recall,f1,mean_matched_iou,tp,fp,fn,infer_ms
IXMtest_A02_s1_w1051DAA7C-7042-435F-99F0-1E847D9B42CB.tif,110,108,0.9571617024231063,0.978112029515059,0.9907407407407407,0.9727272727272728,0.981651376146789,0.9364653399649362,107,1,3,1088.8087749481201
IXMtest_A06_s6_w1B9577918-4973-4A87-BA73-A168AA755527.tif,69,70,0.9522635267040668,0.9755481405850341,0.9857142857142858,1.0,0.9928057553956835,0.9451747922738691,69,1,0,743.4837818145752
IXMtest_A09_s1_w1CE70AD49-290D-4312-82E6-CDC717F32637.tif,155,154,0.9138320895160272,0.954976243236802,0.9805194805194806,0.9741935483870968,0.9773462783171522,0.9088274945204646,151,3,4,717.4060344696045
IXMtest_A12_s7_w1EAEEA614-51ED-43B3-A4FF-088730911E4C.tif,65,58,0.883181148748159,0.9379672787562173,0.7413793103448276,0.6615384615384615,0.6991869918699186,0.8146182025353107,43,15,22,718.6486721038818
IXMtest_A15_s5_w1825174D4-ED30-490C-9635-6196417D6C9D.tif,128,127,0.9433758128623003,0.9708629762895419,0.9921259842519685,0.984375,0.988235294117647,0.9381698416113158,126,1,2,720.7050323486328
IXMtest_A16_s2_w15AF20A10-82AE-48FA-AC50-7AE8AC3AA544.tif,92,88,0.9534743928829046,0.9761831497322913,1.0,0.9565217391304348,0.9777777777777777,0.9436067751890399,88,0,4,705.0628662109375
IXMtest_A16_s3_w1032BE329-E21B-4E1B-B4B8-58700685EE0C.tif,117,116,0.9532312154445753,0.9760556844547564,0.9741379310344828,0.9658119658119658,0.9699570815450644,0.9269014556861928,113,3,4,717.5521850585938
IXMtest_A18_s1_w1BFDF1C94-9C1F-4F5F-BBC1-05196333B1BF.tif,101,101,0.9542235669310655,0.9765756416801266,1.0,1.0,1.0,0.9473113448767366,101,0,0,703.7932872772217
IXMtest_A20_s4_w153DE191F-B112-471B-AC0A-FAD27990714B.tif,126,127,0.9533194535416861,0.9761019395093442,0.9921259842519685,1.0,0.9960474308300395,0.946077843077617,126,1,0,716.9301509857178
IXMtest_A21_s1_w1D8BF2790-C628-4109-94AF-DF6D8A3480B6.tif,71,74,0.9537687166906353,0.9763373817410318,0.9594594594594594,1.0,0.9793103448275862,0.9431959561886922,71,3,0,713.9739990234375
IXMtest_A22_s8_w1E2AFE190-831D-4D9C-961E-3AA2ECB3599D.tif,92,92,0.9290265518672948,0.963207635444933,0.967391304347826,0.967391304347826,0.967391304347826,0.9285240227117515,89,3,3,713.2453918457031
IXMtest_A24_s9_w152CD6793-DA45-4975-869A-CBD49D645E37.tif,52,53,0.9702630475791238,0.984907115596867,0.9811320754716981,1.0,0.9904761904761905,0.9606020851661105,52,1,0,704.0877342224121
IXMtest_B02_s9_w124B5080D-EBE1-47D2-B147-C0F342039EDF.tif,65,67,0.9461753913628764,0.9723433926479612,0.9552238805970149,0.9846153846153847,0.9696969696969696,0.9361080431500683,64,3,1,716.9153690338135
IXMtest_B04_s2_w17C6C7F8D-98F7-422B-92CD-EA61EE813325.tif,118,116,0.9321736396740982,0.9648963431995986,0.9741379310344828,0.9576271186440678,0.9658119658119658,0.9221849305619649,113,3,5,710.2153301239014
IXMtest_B04_s4_w1F6AEFA0F-AF87-4B3B-A334-698647CFE043.tif,100,97,0.9442635229752174,0.9713328587580085,0.9896907216494846,0.96,0.9746192893401014,0.9364591704107168,96,1,4,707.3650360107422
IXMtest_B05_s5_w10296BEF4-0F48-4EC8-BC24-6C604871398B.tif,111,110,0.9462458817409398,0.9723806129722025,0.9818181818181818,0.972972972972973,0.9773755656108598,0.9403673583346058,108,2,3,718.0342674255371
IXMtest_B12_s2_w19F7E0279-D087-4B5E-9899-61971C29CB78.tif,115,114,0.9457043354265501,0.9720945964991403,0.9824561403508771,0.9739130434782609,0.9781659388646288,0.9394356843968542,112,2,3,706.4681053161621
IXMtest_B12_s9_w1ABE4C6B8-6110-4D7D-B782-94C43FDC2E1F.tif,107,104,0.9563771106151838,0.9777022082562093,0.9903846153846154,0.9626168224299065,0.976303317535545,0.9373694632932346,103,1,4,710.6094360351562
IXMtest_B17_s7_w1215A0A98-4A76-4846-B54A-F7C1EAF84E02.tif,105,105,0.9419464373733502,0.9701054769022506,0.9904761904761905,0.9904761904761905,0.9904761904761905,0.9350575143416082,104,1,1,707.998514175415
IXMtest_B19_s7_w1E43B84DB-39E2-4BFB-8CB4-554B32098C75.tif,90,90,0.9574187010260772,0.978246197938335,0.9666666666666667,0.9666666666666667,0.9666666666666667,0.9504736869097272,87,3,3,719.5029258728027
IXMtest_B20_s2_w159B9FE71-035A-4DED-B0CA-C76916C968BC.tif,87,87,0.9670331537716451,0.983240319988942,0.9770114942528736,0.9770114942528736,0.9770114942528736,0.9491893265877726,85,2,2,707.1483135223389
IXMtest_B21_s3_w141E785B1-44FE-4ED0-9CCE-6FF076EFE9FE.tif,188,186,0.9337428056008934,0.9657362942956016,0.989247311827957,0.9787234042553191,0.983957219251337,0.911636888843064,184,2,4,715.9779071807861
IXMtest_B21_s4_w1521471E0-9BD7-492A-8739-9C782C2585B0.tif,105,105,0.9385837620743738,0.9683190176627148,0.9714285714285714,0.9714285714285714,0.9714285714285714,0.9197504016045113,102,3,3,707.3442935943604
IXMtest_B21_s7_w1276972A2-1794-4A98-8E76-876A597C346B.tif,108,108,0.9445691233770704,0.9714945198108131,0.9907407407407407,0.9907407407407407,0.9907407407407407,0.9313171098478799,107,1,1,727.9655933380127
IXMtest_B22_s6_w19397283D-2426-4942-8A0F-EB75E1D48C2D.tif,76,71,0.9570315843533339,0.9780440867739678,0.9859154929577465,0.9210526315789473,0.9523809523809524,0.938172774378594,70,1,6,712.7220630645752
IXMtest_B22_s8_w10754C18F-B059-47B4-A423-FF429B984D80.tif,74,72,0.9336077472941436,0.9656640532192919,1.0,0.972972972972973,0.9863013698630138,0.9219144014985198,72,0,2,708.7969779968262
IXMtest_B23_s1_w152C21D3B-75A9-4FF9-839A-23E6CE19AEEC.tif,81,73,0.947204081632653,0.9728862943204805,0.9863013698630136,0.8888888888888888,0.935064935064935,0.9194829029372674,72,1,9,714.3504619598389
IXMtest_B24_s9_w18C4FE0DD-12CA-4711-9722-3E3105D1E691.tif,42,39,0.9401866863178581,0.9691713616509464,0.9743589743589743,0.9047619047619048,0.9382716049382716,0.9085777157118743,38,1,4,708.7612152099609
IXMtest_C02_s4_w1661FF37C-AB9B-4038-BDF3-D21DFD2811BE.tif,48,41,0.9625796509932948,0.9809330800980403,0.975609756097561,0.8333333333333334,0.8988764044943819,0.9259444197550849,40,1,8,718.0819511413574
IXMtest_C05_s7_w1F71963FB-8F29-41CB-A5F5-07CB9584BBC5.tif,139,136,0.9601999444598722,0.9796959204837165,1.0,0.9784172661870504,0.989090909090909,0.9475945755537434,136,0,3,715.7466411590576
IXMtest_C07_s5_w12C9F2926-A017-4962-8660-72C9C20C86E4.tif,150,147,0.932095434485151,0.9648544454363644,0.9931972789115646,0.9733333333333334,0.9831649831649831,0.9214684074950455,146,1,4,719.5754051208496
IXMtest_C09_s7_w1768A3B0D-47FE-4D77-B1C6-46018E29486F.tif,160,161,0.9261189005649387,0.9616425032673779,0.9813664596273292,0.9875,0.9844236760124611,0.9101903801153673,158,3,2,712.5859260559082
IXMtest_C14_s8_w1612E3D43-FA7E-4FFB-BE53-F34A3A0CAFCD.tif,133,131,0.9518560942540558,0.9753342954495099,0.9923664122137404,0.9774436090225563,0.9848484848484848,0.938692742506578,130,1,3,720.0665473937988
IXMtest_C18_s1_w11C16FC59-2E29-496A-803A-89581FDF538A.tif,133,133,0.9491714194795976,0.9739229808048525,0.9699248120300752,0.9699248120300752,0.9699248120300752,0.9380531211468601,129,4,4,718.3935642242432
IXMtest_C19_s4_w1AD3DC23E-B9B5-46E9-9716-26096C672A13.tif,123,122,0.9455806392406723,0.9720292442976989,0.9672131147540983,0.959349593495935,0.9632653061224489,0.9215515362642903,118,4,5,714.160680770874
IXMtest_C21_s9_w1289444BE-8623-4867-86E7-01E155C6538D.tif,157,161,0.9363711745027211,0.9671401710916196,0.9751552795031055,1.0,0.9874213836477987,0.918837704282103,157,4,0,717.7214622497559
IXMtest_C23_s2_w10533E965-3DC3-4556-9C26-EA8DD4F8DE61.tif,114,112,0.9539280764461303,0.9764208702923872,1.0,0.9824561403508771,0.9911504424778761,0.9321881260864284,112,0,2,719.804048538208
IXMtest_D01_s1_w181AE787C-B5EE-4150-A90E-2FE43165C32E.tif,97,95,0.9140276523309943,0.95508301692282,1.0,0.979381443298969,0.9895833333333333,0.9108620643113199,95,0,2,739.2408847808838
IXMtest_D02_s8_w1AC6783DF-ED35-4818-8091-E6D02AF4BFBD.tif,99,100,0.9509697924943662,0.9748688023288421,0.96,0.9696969696969697,0.964824120603015,0.9453864510812441,96,4,3,714.0219211578369
IXMtest_D04_s2_w1E05C134E-BAFE-4FD7-8116-2D05E0839879.tif,142,140,0.9302702760379432,0.9638756681757628,0.9785714285714285,0.9647887323943662,0.9716312056737589,0.9152298729582428,137,3,5,722.3153114318848
IXMtest_D04_s9_w17B6268DB-8215-4DC6-943C-CC009A8A5732.tif,111,110,0.9483224265087774,0.9734758617012769,0.990909090909091,0.9819819819819819,0.9864253393665158,0.9405111337325031,109,1,2,722.4013805389404
IXMtest_D06_s5_w13C67AAA9-6E81-42DB-AC5F-7126602F3607.tif,157,152,0.9302454410817044,0.9638623371755225,0.9802631578947368,0.9490445859872612,0.964401294498382,0.9195570195491691,149,3,8,718.7404632568359
IXMtest_D06_s8_w1BE84C8EF-4CD0-4B56-8267-4E662F57AC25.tif,165,158,0.9313672484672902,0.9644641631014631,0.9683544303797469,0.9272727272727272,0.9473684210526316,0.9180440950739617,153,5,12,711.7862701416016
IXMtest_D07_s4_w16CF58D03-0B05-41FE-AE73-7298887DEBB1.tif,128,124,0.926598700320211,0.9619010956108351,0.9596774193548387,0.9296875,0.9444444444444444,0.914660229804789,119,5,9,719.4366455078125
IXMtest_D08_s7_w1F476A544-A07C-4E9B-A6CB-BAEF4CD6F64E.tif,48,50,0.9438455210633415,0.9711116555671871,0.92,0.9583333333333334,0.9387755102040817,0.8759056084972568,46,4,2,719.2144393920898
IXMtest_D10_s2_w1BB72A093-72AB-476C-9513-2FF43BFB2134.tif,141,137,0.9493670886075949,0.974025974025974,1.0,0.9716312056737588,0.9856115107913669,0.9406398937949394,137,0,4,712.7406597137451
IXMtest_D19_s6_w1EB1F11AE-4FB6-481F-94D9-40246870F0CB.tif,148,146,0.9520017788884065,0.9754107697899094,1.0,0.9864864864864865,0.9931972789115647,0.935752155504848,146,0,2,715.9490585327148
IXMtest_D20_s3_w19D371AF3-0189-48A3-AF3B-D108DE6A017F.tif,163,166,0.9263920261016099,0.9617897224962311,0.9759036144578314,0.9938650306748467,0.9848024316109423,0.917853377418817,162,4,1,725.9914875030518
IXMtest_D20_s9_w1588B4C42-5A0D-4B93-9A80-A6527CC1C411.tif,141,134,0.9452600403400823,0.9718598241239008,0.9626865671641791,0.9148936170212766,0.9381818181818182,0.9242661629917858,129,5,12,718.2505130767822
IXMtest_E04_s4_w1F5ABC12B-FABD-4E33-AB99-82271209853E.tif,133,131,0.9357023534893235,0.9667832988916025,0.9923664122137404,0.9774436090225563,0.9848484848484848,0.9217776736491614,130,1,3,718.651533126831
IXMtest_E05_s2_w15CCE97F8-3F02-412E-8BF2-FC92972DDA1A.tif,178,174,0.9143482024878116,0.9552579842053401,0.9770114942528736,0.9550561797752809,0.9659090909090908,0.8840926346598732,170,4,8,726.6106605529785
IXMtest_E06_s3_w1701573EB-CE9A-4D76-8668-0416996E1DCD.tif,53,50,0.9218361401264833,0.9593285513569474,0.98,0.9245283018867925,0.9514563106796116,0.9078098389116227,49,1,4,719.8166847229004
IXMtest_E07_s1_w1641C6847-142B-463F-8B08-5B3296615572.tif,164,160,0.9405912588879027,0.9693862677985354,0.9875,0.9634146341463414,0.9753086419753086,0.9273482181047591,158,2,6,719.733715057373
IXMtest_E08_s2_w1588EDEBA-1BBA-4E49-810F-2EF2064C8846.tif,145,142,0.9497050338026956,0.9742038075886744,1.0,0.9793103448275862,0.9895470383275261,0.9314888431876023,142,0,3,722.1388816833496
IXMtest_E12_s9_w1A811DEC0-ADD9-411A-B5D5-A654C70F253D.tif,127,126,0.9460125607299443,0.9722574045206547,0.9841269841269841,0.9763779527559056,0.9802371541501976,0.938988497599273,124,2,3,718.4007167816162
IXMtest_E15_s5_w1419F04CC-50C3-41FB-A87A-FB17647A2E33.tif,155,155,0.9357259414008502,0.9667958892194027,0.967741935483871,0.967741935483871,0.967741935483871,0.9226556129137449,150,5,5,712.9988670349121
IXMtest_E19_s2_w1752F162C-2C91-4A67-BF4F-D073C3D88291.tif,143,141,0.9389904988123515,0.9685354305629567,0.9929078014184397,0.9790209790209791,0.9859154929577465,0.9233485675946188,140,1,3,741.7173385620117
IXMtest_E19_s4_w129545707-4CD3-4498-AC27-E4AE24D0253C.tif,126,126,0.9315444725350495,0.964559176121321,0.9920634920634921,0.9920634920634921,0.9920634920634921,0.9224108229124801,125,1,1,713.1233215332031
IXMtest_E23_s8_w10F1F106B-057A-482C-93BB-C9A0B044C054.tif,93,90,0.9414574444576654,0.9698460784142049,1.0,0.967741935483871,0.9836065573770492,0.9305330891896129,90,0,3,711.8332386016846
IXMtest_F01_s2_w189F7DC13-4572-43C9-8C23-CD9AEB41B24A.tif,100,98,0.9249606012850042,0.9610176963284842,1.0,0.98,0.98989898989899,0.9181729627165042,98,0,2,722.2621440887451
IXMtest_F03_s5_w1FE22EC7D-720A-4848-888A-6AFE1E1C85B0.tif,143,137,0.9564244518914603,0.9777269456705006,0.9708029197080292,0.9300699300699301,0.9500000000000001,0.9424207599493525,133,4,10,719.8989391326904
IXMtest_F04_s5_w1D94DA1A2-873C-44B3-80EB-36DC2A97E9A3.tif,114,107,0.9449955687698334,0.9717200223417702,0.9906542056074766,0.9298245614035088,0.9592760180995474,0.9378909775322285,106,1,8,709.6972465515137
IXMtest_F07_s5_w15678F19D-6F23-4FB4-8851-5B57CF8CCCF8.tif,127,126,0.9540922420687816,0.9765068623973369,1.0,0.9921259842519685,0.9960474308300395,0.9396034377652996,126,0,1,716.5517807006836
IXMtest_F08_s1_w144C3056F-C4DD-4D39-A40F-4F4576A6DBD8.tif,197,195,0.9336548054539408,0.96568922521283,0.9897435897435898,0.9796954314720813,0.9846938775510204,0.9174885471869932,193,2,4,737.7159595489502
IXMtest_F08_s7_w117D78658-1BA7-495D-9EAA-E4FA155861AC.tif,61,62,0.955174725306753,0.9770735197662632,0.9838709677419355,1.0,0.991869918699187,0.9467000386481077,61,1,0,714.6592140197754
IXMtest_F12_s5_w17F3E9DFC-6705-40A9-B5FE-C60261D73052.tif,130,124,0.937894310354807,0.9679519727606702,0.9838709677419355,0.9384615384615385,0.9606299212598426,0.9214631666289052,122,2,8,724.1714000701904
IXMtest_F12_s8_w1DBD80811-5297-4415-ACD1-EC9286BE76A4.tif,7,7,0.9232640424590889,0.960101184316431,1.0,1.0,1.0,0.8991724981816602,7,0,0,705.7709693908691
IXMtest_F12_s9_w1CD127D58-4641-41D3-88CC-E12B7FE77D78.tif,83,83,0.9323058810938085,0.9649671826968346,0.9879518072289156,0.9879518072289156,0.9879518072289156,0.9264976240562167,82,1,1,708.9011669158936
IXMtest_F13_s7_w13C1B1D8C-293E-454F-B0FD-6C2C3F9F5173.tif,0,0,1.0,1.0,1.0,1.0,1.0,1.0,0,0,0,657.1037769317627
IXMtest_F14_s7_w1E67F2A8A-EEC1-4F01-A1E2-0ECFC639637F.tif,116,117,0.9446949916923807,0.9715610887342854,0.9743589743589743,0.9827586206896551,0.9785407725321887,0.9317407654041533,114,3,2,712.0988368988037
IXMtest_F21_s1_w1E2770CF6-417B-4804-9B45-6EE7D783D8CA.tif,147,147,0.9373311947017127,0.9676519918382173,0.9727891156462585,0.9727891156462585,0.9727891156462585,0.9186274605802354,143,4,4,722.1238613128662
IXMtest_F22_s6_w1D6C33377-3947-4DAC-B62D-531C2565F150.tif,126,127,0.9359713660767548,0.9669268693508628,0.9763779527559056,0.9841269841269841,0.9802371541501976,0.9284559993467457,124,3,2,710.3943824768066
IXMtest_F22_s6_w1F4C7ADE4-B68D-4D30-A063-722B87AA2DA1.tif,150,146,0.8999220259687426,0.9473252203704364,1.0,0.9733333333333334,0.9864864864864865,0.8825164851875167,146,0,4,717.6148891448975
IXMtest_G01_s2_w1FBE52723-8BDF-4346-89BB-216A4A69ED1C.tif,90,87,0.9657270253929867,0.9825647334730205,0.9770114942528736,0.9444444444444444,0.96045197740113,0.9279689453053042,85,2,5,712.8031253814697
IXMtest_G05_s6_w1AA0013DE-ED7A-428E-A17A-09959E7DC1A2.tif,135,135,0.9505183043880846,0.9746315143515463,1.0,1.0,1.0,0.9318307624309402,135,0,0,719.3405628204346
IXMtest_G06_s3_w19ABE30DE-4BFC-4CD5-AD16-6C8BD6E69F9D.tif,165,163,0.9322163907953169,0.9649192453145568,0.9877300613496932,0.9757575757575757,0.9817073170731707,0.9173358428966975,161,2,4,715.5497074127197
IXMtest_G06_s7_w19444140C-EF22-42DE-863A-514D836BE850.tif,124,127,0.9414785007224139,0.9698572509271617,0.968503937007874,0.9919354838709677,0.9800796812749005,0.9275597405169612,123,4,1,717.5233364105225
IXMtest_G08_s6_w1823194BE-DE9A-4638-BACD-CABE5FA4C89C.tif,125,125,0.9328446002006118,0.9652556652550246,0.992,0.992,0.992,0.9246690004534565,124,1,1,725.2988815307617
IXMtest_G10_s3_w1C1257E17-1DBA-4619-B06E-D6DBB8A53088.tif,130,125,0.956083555162914,0.9775487888944353,0.984,0.9461538461538461,0.9647058823529412,0.9414007881643536,123,2,7,720.5865383148193
IXMtest_G12_s6_w16850371E-A405-4D73-9816-F5F68F885D38.tif,154,148,0.9504178796131092,0.9745787193066924,1.0,0.961038961038961,0.9801324503311257,0.9412406447331094,148,0,6,718.5697555541992
IXMtest_G13_s9_w19606195E-12B4-46FF-9B83-1F7FE11B3AFB.tif,70,70,0.9433290433290433,0.9708382083489702,0.9857142857142858,0.9857142857142858,0.9857142857142858,0.9319710514919994,69,1,1,709.3210220336914
IXMtest_G16_s3_w1B4690283-D75E-4DFB-92B0-29419E8292C6.tif,126,129,0.9439990552792831,0.9711929156711079,0.9767441860465116,1.0,0.988235294117647,0.9420811791343231,126,3,0,713.653564453125
IXMtest_G16_s6_w1C3F175E2-0AF5-401C-AC5C-8E128A237B22.tif,172,162,0.9581373281379338,0.9786211767374483,0.9814814814814815,0.9244186046511628,0.9520958083832335,0.9389496000867597,159,3,13,724.888801574707
IXMtest_G18_s9_w17F495AF2-03D2-4683-BD37-56887F4A3A84.tif,101,102,0.9416790084963754,0.9699636287726116,0.9705882352941176,0.9801980198019802,0.9753694581280787,0.9295134260246556,99,3,2,721.2066650390625
IXMtest_G22_s3_w157F2847B-C953-410E-8F60-956A6023AED4.tif,143,141,0.9328007029795696,0.9652321644353516,0.9787234042553191,0.965034965034965,0.971830985915493,0.9192422817111376,138,3,5,728.4145355224609
IXMtest_G22_s5_w1CE8AEFCD-7739-4D60-B112-9D2D73EE05E5.tif,135,135,0.9588552529278918,0.978995514338995,0.9777777777777777,0.9777777777777777,0.9777777777777777,0.9478353249324548,132,3,3,709.2082500457764
IXMtest_G23_s4_w126F855D5-89CE-432B-9592-684B6E5EEF24.tif,148,144,0.9318840728181698,0.9647411932526236,0.9861111111111112,0.9594594594594594,0.9726027397260274,0.9245829069057746,142,2,6,713.4535312652588
IXMtest_G23_s8_w12910C37A-C52C-45B2-A796-7C60A2247C32.tif,82,82,0.9558602240428022,0.9774320396649,1.0,1.0,1.0,0.9349888698932454,82,0,0,724.6785163879395
IXMtest_H01_s8_w13C7E7AAD-FC32-42F8-88C5-DDEA4BD8832C.tif,87,89,0.9662072902226209,0.9828132517128685,0.9775280898876404,1.0,0.9886363636363636,0.9562779964785454,87,2,0,720.0720310211182
IXMtest_H01_s9_w1237AA324-894F-4C97-99F3-FEF47F52A550.tif,102,102,0.9282659640667823,0.9627986816808569,1.0,1.0,1.0,0.9203643615154429,102,0,0,715.8119678497314
IXMtest_H06_s4_w16261E805-AF5F-4785-BB65-C77B61FF39F7.tif,168,166,0.9159558337906849,0.9561346014730229,0.9698795180722891,0.9583333333333334,0.9640718562874252,0.9004619396296893,161,5,7,712.916374206543
IXMtest_H06_s6_w1C3C98946-0210-4D6A-831E-5681452CCD1D.tif,148,154,0.8207939508506616,0.901578073089701,0.7532467532467533,0.7837837837837838,0.7682119205298014,0.7750991157488736,116,38,32,720.5805778503418
IXMtest_H07_s2_w1D8F30687-16A2-4A0D-BDD5-377257089055.tif,113,111,0.9506596439695121,0.9747058098100178,1.0,0.9823008849557522,0.9910714285714286,0.9416442335754657,111,0,2,710.9949588775635
IXMtest_H08_s8_w1418B93F8-515E-49A7-A9AE-CAF7A1589A38.tif,107,108,0.9409487584132508,0.9695760945100764,0.9814814814814815,0.9906542056074766,0.986046511627907,0.927455034159245,106,2,1,711.0762596130371
IXMtest_H11_s5_w1612B789B-6279-41E1-B4C6-009BF5772334.tif,152,154,0.944567228361418,0.9714935175137698,0.987012987012987,1.0,0.9934640522875817,0.9299120388680688,152,2,0,715.6715393066406
IXMtest_H11_s6_w19DF4E879-8DE4-45D6-840B-305BDDB27076.tif,125,124,0.9468508427322266,0.9726999336049887,1.0,0.992,0.9959839357429718,0.9343478909925544,124,0,1,723.4714031219482
IXMtest_H16_s4_w16207B133-B3F5-4C39-87A6-D71359B27581.tif,82,74,0.9452267872327188,0.971842248355421,0.9864864864864865,0.8902439024390244,0.9358974358974359,0.9278625290947105,73,1,9,719.7055816650391
IXMtest_H17_s1_w10A751E6C-5D06-4147-AB73-7FFAE0B57CC5.tif,135,133,0.9387752749406313,0.9684209274531606,0.9774436090225563,0.9629629629629629,0.9701492537313433,0.9236115679222936,130,3,5,710.9947204589844
IXMtest_H18_s7_w1D78A9181-AF11-4219-9C1E-2DB2684E948E.tif,153,153,0.9204376656537315,0.9585707280328806,0.9607843137254902,0.9607843137254902,0.9607843137254902,0.9057444731991545,147,6,6,725.0466346740723
IXMtest_H24_s6_w15034AA9F-051A-4BF0-A62F-ABAE599C4867.tif,134,136,0.9356380718568529,0.9667489862495808,0.9705882352941176,0.9850746268656716,0.9777777777777777,0.924779346083196,132,4,2,718.1134223937988
IXMtest_I01_s4_w1218CC565-C87E-4390-936A-4D3E51BC10DB.tif,69,68,0.9529941790925763,0.9759314075737471,1.0,0.9855072463768116,0.9927007299270074,0.9345719429184678,68,0,1,710.2067470550537
IXMtest_I03_s4_w1C724E24D-7AD5-4166-A810-DC75A825495D.tif,129,128,0.9546301547435794,0.9767885269004394,0.9921875,0.9844961240310077,0.9883268482490272,0.9358155227363371,127,1,2,717.8528308868408
IXMtest_I04_s9_w16A5CC270-8B92-42EE-AA4A-855776F7D46B.tif,147,129,0.9213563501849569,0.9590686809308057,0.9767441860465116,0.8571428571428571,0.9130434782608695,0.9198892174839294,126,3,21,739.4628524780273
IXMtest_I07_s4_w1F156255A-3842-46FB-ABF2-9D041E523F86.tif,113,106,0.9399773017449283,0.9690601028161083,0.9716981132075472,0.911504424778761,0.9406392694063926,0.9262828419788116,103,3,10,722.3927974700928
IXMtest_I08_s2_w11996D679-5D76-4FB8-A681-2014A8999EC8.tif,102,104,0.9461706110816173,0.9723408684665801,0.9807692307692307,1.0,0.9902912621359222,0.938716131799967,102,2,0,718.1727886199951
IXMtest_I11_s6_w1B2DC04C7-2D7D-45C6-9DC2-66D8605FBE63.tif,69,68,0.9583730167948152,0.9787440988778972,0.9852941176470589,0.9710144927536232,0.9781021897810219,0.9425907796283194,67,1,2,722.6929664611816
IXMtest_I12_s1_w18A06F07F-CD8F-4056-B041-3967BE48AD78.tif,202,203,0.9426164889423675,0.9704607103953523,0.9802955665024631,0.9851485148514851,0.9827160493827161,0.9248694657240464,199,4,3,715.9628868103027
IXMtest_I15_s5_w11265571E-AA95-4E58-82CF-A75E3F240956.tif,183,183,0.9472239550842171,0.9728967770872045,0.9836065573770492,0.9836065573770492,0.9836065573770492,0.9235081079769707,180,3,3,722.2640514373779
IXMtest_I15_s8_w196F01FA4-CE06-44AE-AAA5-ADEC35BAE513.tif,176,171,0.9402345171627151,0.9691967737360521,0.9824561403508771,0.9545454545454546,0.968299711815562,0.9186260593565604,168,3,8,736.8810176849365
IXMtest_I16_s9_w1582FD22A-5270-4FDC-868F-5F75808E2321.tif,118,119,0.9293721835439153,0.9633933685483358,0.9915966386554622,1.0,0.9957805907172996,0.9186394439294163,118,1,0,720.6664085388184
IXMtest_I17_s6_w1EB7CA00F-DF95-466C-BF8C-6304B6A4974E.tif,147,144,0.9508066557731698,0.9747830754620154,0.9930555555555556,0.9727891156462585,0.9828178694158075,0.931421484617665,143,1,4,722.6626873016357
IXMtest_I17_s7_w1BB3D534E-DF08-4F21-BAC6-6B105BB40AF9.tif,127,128,0.9444327509997895,0.9714223857977917,0.984375,0.9921259842519685,0.988235294117647,0.9331636774522639,126,2,1,713.3975028991699
IXMtest_I18_s3_w1544C8B7A-E092-4F9D-B8D3-C489638D770F.tif,155,154,0.9357711196942347,0.9668200028131887,0.974025974025974,0.967741935483871,0.970873786407767,0.9112885123657011,150,4,5,717.5695896148682
IXMtest_I23_s5_w1E3053D6B-8CEF-48E3-A6A5-2F0D7C1AA177.tif,35,35,0.949294138670479,0.9739875782091536,1.0,1.0,1.0,0.9289290861882828,35,0,0,719.1357612609863
IXMtest_J02_s5_w1F53DDD35-C0B2-4E39-BA3B-9F66D289AB02.tif,149,145,0.9355659759626556,0.9667104997517337,0.993103448275862,0.9664429530201343,0.9795918367346937,0.9216515089566312,144,1,5,713.2663726806641
IXMtest_J02_s8_w1D9C198F9-ECF0-4EF7-848D-AC7782CD3C28.tif,108,106,0.9525516394928799,0.9756993056944484,1.0,0.9814814814814815,0.9906542056074767,0.9470514149539114,106,0,2,719.9270725250244
IXMtest_J03_s4_w1472990BF-A442-497B-8A43-8EE065002EEB.tif,125,127,0.9457672553613263,0.9721278356960515,0.968503937007874,0.984,0.976190476190476,0.9318001779060415,123,4,2,714.9336338043213
IXMtest_J07_s9_w16921AB3C-1E9C-41C5-ADDA-7DE5CBF9CCBB.tif,190,190,0.9426556110660633,0.970481443747784,0.9842105263157894,0.9842105263157894,0.9842105263157894,0.928089184521727,187,3,3,734.6577644348145
IXMtest_J08_s2_w1C146DB1C-05B3-49EF-9C62-1185FD9897AC.tif,168,173,0.9390777576853526,0.9685818466674749,0.9653179190751445,0.9940476190476191,0.9794721407624633,0.919713866204356,167,6,1,723.0699062347412
IXMtest_J11_s2_w1177A125B-DEBE-4CB7-8F26-53A871785BA5.tif,133,134,0.9507060985636214,0.9747302264176672,0.9850746268656716,0.9924812030075187,0.9887640449438201,0.9399871848349813,132,2,1,713.524341583252
IXMtest_J15_s9_w1857B395F-AE7A-4319-BC26-3A041C0E31E9.tif,145,139,0.9586619990452593,0.9788947756300521,0.9784172661870504,0.9379310344827586,0.9577464788732394,0.9387466762263242,136,3,9,719.9130058288574
IXMtest_J16_s8_w1AD7BC3EB-6A29-4A53-AA59-E39653839B0D.tif,141,143,0.9335441950012033,0.9656300563645739,0.972027972027972,0.9858156028368794,0.9788732394366197,0.9182438432156343,139,4,2,726.144552230835
IXMtest_J17_s1_w19E7BCD2F-6D7E-4B39-9154-F93E4D539183.tif,82,80,0.9190431439555745,0.9578139468623121,0.975,0.9512195121951219,0.9629629629629629,0.8935945516415847,78,2,4,714.5380973815918
IXMtest_J20_s1_w1EEE65E52-7AD8-47C7-A286-6E84C5D77953.tif,137,139,0.9493469644611767,0.9740153823499428,0.9784172661870504,0.9927007299270073,0.9855072463768116,0.9357356594671442,136,3,1,717.0705795288086
IXMtest_J20_s5_w15709AA91-01B9-4959-963A-9D1D574D12E4.tif,143,141,0.9474163518618457,0.9729982506884667,0.9716312056737588,0.958041958041958,0.9647887323943661,0.9333344891145869,137,4,6,711.9531631469727
IXMtest_K01_s3_w1054711D8-52CF-4672-B3A0-EC9EC2E681C4.tif,102,101,0.93745120152685,0.9677159360587472,0.9702970297029703,0.9607843137254902,0.9655172413793103,0.9336227837048797,98,3,4,716.8097496032715
IXMtest_K01_s5_w1A3DE001A-72D6-4321-8B25-4300AB0207AC.tif,116,101,0.942715016941821,0.9705129251801659,0.9900990099009901,0.8620689655172413,0.9216589861751152,0.916086528912908,100,1,16,722.780704498291
IXMtest_K02_s3_w1FE99F6CA-8D35-4496-8F52-DBE55EFAB7E6.tif,67,69,0.9375170261769732,0.9677510065827315,0.9565217391304348,0.9850746268656716,0.9705882352941176,0.9323317153861884,66,3,1,708.8875770568848
IXMtest_K03_s5_w1DC4CE558-042C-482E-8CAE-FCCB57AA9A55.tif,131,133,0.9566716558567548,0.9778560986389547,0.9849624060150376,1.0,0.9924242424242424,0.9474123306950876,131,2,0,721.2884426116943
IXMtest_K05_s7_w1816D5E2A-B9D8-48DA-9FE6-CBC35FE38C8D.tif,152,151,0.9435805507234079,0.9709713861586068,0.9801324503311258,0.9736842105263158,0.976897689768977,0.9266094708004754,148,3,4,717.9429531097412
IXMtest_K05_s9_w1647AEF60-D7B0-4D83-AFA5-2B05E968468F.tif,142,136,0.9434466816992056,0.9709005043290674,0.9852941176470589,0.9436619718309859,0.9640287769784172,0.9304095989631455,134,2,8,712.8043174743652
IXMtest_K06_s9_w1787DFDA5-E2CE-40DB-9430-CC3766599BCC.tif,123,121,0.9449086289455683,0.9716740569533595,0.9917355371900827,0.975609756097561,0.9836065573770492,0.9343008311613711,120,1,3,731.8665981292725
IXMtest_K11_s4_w139A2D71E-EC27-49CC-BDA0-1118747BDC76.tif,99,99,0.9473467959155722,0.9729615679164778,0.98989898989899,0.98989898989899,0.98989898989899,0.9322506491536765,98,1,1,711.8721008300781
IXMtest_K12_s1_w193D6C057-1AA9-4E2F-86EA-2E71961BE68B.tif,85,85,0.9177997112834458,0.9571382307375865,0.9882352941176471,0.9882352941176471,0.9882352941176471,0.9079533823603247,84,1,1,711.7056846618652
IXMtest_K12_s6_w160D86D6B-648B-433E-9776-8A42DF40E5FB.tif,133,134,0.9327522505519142,0.9652062237004859,0.9776119402985075,0.9849624060150376,0.9812734082397004,0.920165262822892,131,3,2,714.5099639892578
IXMtest_K12_s7_w12A7857A5-3C92-4A08-8E81-2CA8A99F67AE.tif,223,218,0.927296972721743,0.962277205688968,0.9678899082568807,0.9461883408071748,0.9569160997732425,0.9059606685084552,211,7,12,725.8610725402832
IXMtest_K17_s5_w1BB3AD9D7-3A85-458C-AB1C-07A816C2C203.tif,144,146,0.9460692694030552,0.9722873530532201,0.9794520547945206,0.9930555555555556,0.9862068965517242,0.9379897618337408,143,3,1,735.1534366607666
IXMtest_K18_s8_w11FC8D3EA-E30D-46B8-A45E-0399327AA8AC.tif,137,137,0.9402890656831,0.9692257533307914,0.9854014598540146,0.9854014598540146,0.9854014598540146,0.9279213429206339,135,2,2,717.8094387054443
IXMtest_L01_s2_w1E5038251-DBA3-44D0-BC37-E43E2FC8C174.tif,0,0,1.0,1.0,1.0,1.0,1.0,1.0,0,0,0,699.6660232543945
IXMtest_L01_s3_w1E7E0D198-5FB4-4E10-A27C-C46463DA9E06.tif,96,88,0.928882833787466,0.9631303856476904,0.8977272727272727,0.8229166666666666,0.8586956521739129,0.8677670376442587,79,9,17,706.9237232208252
IXMtest_L03_s2_w1AC4550E2-F824-4A58-9CC5-952AD9ECE76A.tif,117,116,0.9548652167162325,0.9769115625477318,1.0,0.9914529914529915,0.9957081545064378,0.9492247050286705,116,0,1,713.0906581878662
IXMtest_L03_s6_w1BE79472D-5E2C-422F-A16E-7AC0691C0FD8.tif,143,134,0.923110775098453,0.9600183068509869,1.0,0.9370629370629371,0.9675090252707581,0.9119101920901932,134,0,9,709.4523906707764
IXMtest_L05_s2_w1B9C6FAC9-9D48-4184-8D9B-ABFC3BEC1125.tif,146,143,0.9480620817923339,0.9733386740119288,1.0,0.9794520547945206,0.9896193771626297,0.9378349756692889,143,0,3,719.0251350402832
IXMtest_L06_s4_w14DD3575A-627B-4A71-91F0-3396DE0B33C4.tif,80,81,0.9559694998135179,0.977489168317461,0.9876543209876543,1.0,0.9937888198757764,0.949801582633538,80,1,0,713.4835720062256
IXMtest_L06_s5_w1610AE208-D6E8-4DC4-AC19-D26284AA8556.tif,192,188,0.9353943251894317,0.9666188569586485,0.9893617021276596,0.96875,0.9789473684210526,0.9187681939778355,186,2,6,723.2649326324463
IXMtest_L10_s6_w12D12D64C-2639-4CA8-9BB4-99F92C9B7068.tif,0,0,1.0,1.0,1.0,1.0,1.0,1.0,0,0,0,659.6081256866455
IXMtest_L11_s4_w13C057BB5-9CFB-471F-84B5-72F80654CF81.tif,167,165,0.9163401728734146,0.9563439579721676,0.9575757575757575,0.9461077844311377,0.9518072289156626,0.9021512042483072,158,7,9,747.7281093597412
IXMtest_L13_s5_w14B7DEC0F-735B-428F-B8B4-F4FF32B6ED4A.tif,128,128,0.9489693018456415,0.9738165716073448,0.984375,0.984375,0.984375,0.9383354806822873,126,2,2,716.3329124450684
IXMtest_L14_s5_w14B42C89E-7650-44AC-9D7B-50BE61EA307E.tif,156,152,0.9436942751047479,0.9710315940030139,0.993421052631579,0.967948717948718,0.9805194805194807,0.9343917527707496,151,1,5,717.7417278289795
IXMtest_L17_s1_w1DDC627E5-ADF1-441C-A437-D1D91CC0D498.tif,143,142,0.9485248584571833,0.9735825071364119,1.0,0.993006993006993,0.9964912280701755,0.9337768084664764,142,0,1,709.2576026916504
IXMtest_L21_s5_w122478CD2-80DC-4B4E-9BC8-A6F6239F4103.tif,72,70,0.9629256804239236,0.9811127237542332,1.0,0.9722222222222222,0.9859154929577464,0.9546384027960761,70,0,2,718.4157371520996
IXMtest_M04_s3_w1A599DF67-1E7F-4A09-84FD-0080767A735C.tif,159,156,0.9486404833836858,0.9736434108527132,0.9743589743589743,0.9559748427672956,0.9650793650793651,0.9277315572852601,152,4,7,714.7219181060791
IXMtest_M12_s5_w16D817EFA-C3C9-45DB-AC15-61BB143DEC62.tif,153,153,0.9415939992561061,0.9699185304619445,0.9673202614379085,0.9673202614379085,0.9673202614379085,0.9169324159448833,148,5,5,725.1229286193848
IXMtest_M12_s7_w193E9BA0F-274A-4EE8-A0F0-6A58471A333A.tif,191,183,0.9443973482986047,0.9714036579251412,0.9781420765027322,0.93717277486911,0.9572192513368983,0.9296084974609773,179,4,12,724.653959274292
IXMtest_M15_s8_w113217199-6161-475C-A786-265D0444C84B.tif,119,122,0.9378560890477504,0.9679316171600819,0.9754098360655737,1.0,0.9875518672199171,0.9353482135837808,119,3,0,714.7023677825928
IXMtest_M20_s3_w15C73A7C7-F81B-4583-AB8F-0A64336AF070.tif,60,57,0.9355645161290322,0.9667097204283155,1.0,0.95,0.9743589743589743,0.9086968509969033,57,0,3,715.5778408050537
IXMtest_M23_s8_w118BC311D-A998-4161-8256-22839B2421F2.tif,161,161,0.9360668950231714,0.9669778429964512,0.9875776397515528,0.9875776397515528,0.9875776397515528,0.9166117750196708,159,2,2,721.4210033416748
IXMtest_N02_s8_w1B14E70A6-CACF-425C-A958-1285482357F3.tif,171,173,0.940088926220453,0.96911941871847,0.9826589595375722,0.9941520467836257,0.9883720930232557,0.9247587050195734,170,3,1,715.3363227844238
IXMtest_N07_s5_w1D30ED7AB-503E-479D-B5BC-B66472568DE2.tif,149,153,0.9403463827863471,0.9692562020148227,0.9477124183006536,0.9731543624161074,0.9602649006622517,0.9392532282677478,145,8,4,724.6649265289307
IXMtest_N08_s2_w159DEEDD5-2882-4F9E-9048-F5BD2B918651.tif,125,117,0.9518851222870631,0.9753495340665542,0.9829059829059829,0.92,0.9504132231404959,0.9420622763064687,115,2,10,723.4554290771484
IXMtest_N11_s4_w142A84EA3-47C3-4B49-B6CA-BBC6685BBE1E.tif,91,90,0.9375746318163726,0.9677816961687267,0.9555555555555556,0.945054945054945,0.9502762430939227,0.9262623516227011,86,4,5,706.674337387085
IXMtest_N12_s7_w166EF3FAB-EA33-4B28-91E3-034A1654BAAE.tif,198,193,0.9445178563717235,0.9714674033738108,0.9533678756476683,0.9292929292929293,0.9411764705882352,0.9167783423118455,184,9,14,720.6594944000244
IXMtest_N12_s9_w1C98EC3CC-2F8E-4761-A21A-EBF14469AD40.tif,149,146,0.9374125568380552,0.9676953455571227,0.9931506849315068,0.9731543624161074,0.983050847457627,0.9223034025975855,145,1,4,732.0914268493652
IXMtest_N15_s3_w148785C31-5B78-47BA-8802-FB8F2CEA6BE2.tif,98,94,0.9492006525285481,0.9739383693487104,0.9893617021276596,0.9489795918367347,0.96875,0.9475817499945152,93,1,5,708.7051868438721
IXMtest_N15_s8_w16DBEFA45-FE5A-4233-A1B9-89CA8CF81FB8.tif,106,107,0.9369231897879833,0.9674345319708206,0.9626168224299065,0.9716981132075472,0.9671361502347416,0.9240450435182205,103,4,3,710.3061676025391
IXMtest_N18_s2_w1CC5ED51D-86C5-437D-8EDD-E56E4C949B3B.tif,125,128,0.9371646694556713,0.9675632477016087,0.9609375,0.984,0.9723320158102766,0.9138366684398801,123,5,2,722.0737934112549
IXMtest_N18_s5_w1A2FA7E05-3145-461D-9111-FAB41A7F6D6F.tif,130,130,0.9477802657839653,0.9731901307691827,0.9923076923076923,0.9923076923076923,0.9923076923076923,0.937196656764186,129,1,1,720.2999591827393
IXMtest_N21_s1_w14F264B20-62D6-47EC-9BCD-B9416AB302D9.tif,26,27,0.9045575487082654,0.9498873366381253,0.9629629629629629,1.0,0.9811320754716981,0.8755214820551858,26,1,0,717.487096786499
IXMtest_N23_s2_w16380EDDA-E5B8-4168-8BE7-F83AD9810680.tif,117,116,0.9532939684444505,0.9760885804645448,0.9913793103448276,0.9829059829059829,0.9871244635193134,0.9362110519373379,115,1,2,710.3674411773682
IXMtest_N24_s7_w1AC0733FE-E0FD-45B2-930B-FEEAB052DB36.tif,57,56,0.9321878759349338,0.9649039697900735,0.9821428571428571,0.9649122807017544,0.9734513274336283,0.9122414788125157,55,1,2,722.496747970581
IXMtest_O01_s6_w11A23978B-BAAD-4287-B1F6-FFBCF45C5E2F.tif,78,78,0.9383816769694088,0.9682114602285504,0.9743589743589743,0.9743589743589743,0.9743589743589743,0.9295854353156031,76,2,2,711.2221717834473
IXMtest_O02_s4_w1814603DA-DD56-44EF-98C5-AFF3B636F986.tif,74,74,0.9579924785794596,0.9785456165536359,0.9864864864864865,0.9864864864864865,0.9864864864864865,0.9365752849187257,73,1,1,714.0357494354248
IXMtest_O04_s2_w19A18B0D8-8E8B-4572-A5C0-5C678F3AD54C.tif,88,90,0.9564556627461346,0.9777432537404168,0.9666666666666667,0.9886363636363636,0.9775280898876404,0.9555955659033096,87,3,1,707.7293395996094
IXMtest_O07_s2_w148B3D2F0-D4D6-4F1A-88D3-F18574F52153.tif,93,91,0.9417893506361495,0.9700221605681482,1.0,0.978494623655914,0.9891304347826088,0.9261921239724482,91,0,2,713.693380355835
IXMtest_O07_s6_w17884A281-85EA-4DD8-9D5A-42427988AE36.tif,90,91,0.9406666328102518,0.9694262960023028,0.989010989010989,1.0,0.994475138121547,0.9349154426159821,90,1,0,710.0341320037842
IXMtest_O09_s2_w133C7EDCE-1C7C-41A6-9E52-7AD499E7CDC8.tif,72,72,0.954109895236059,0.9765161084973691,0.9861111111111112,0.9861111111111112,0.9861111111111112,0.9452287536914153,71,1,1,722.4488258361816
IXMtest_O10_s8_w18F4DB020-BFB7-4F13-B99C-C39F8E54F85D.tif,19,17,0.934375,0.9660743134087237,1.0,0.8947368421052632,0.9444444444444444,0.9146859223348343,17,0,2,714.4951820373535
IXMtest_O13_s3_w12D9C1C9C-C582-4080-B9BE-4807FA3E0843.tif,24,24,0.9532336350518169,0.9760569528862622,1.0,1.0,1.0,0.9439504803953325,24,0,0,729.4180393218994
IXMtest_O15_s6_w1A4844AB3-6D66-4B9A-8212-758E061C349F.tif,33,29,0.9231502064147349,0.9600396301188904,1.0,0.8787878787878788,0.9354838709677419,0.8613883237484834,29,0,4,724.7588634490967
IXMtest_O16_s2_w1F6F6A3A1-99E4-4029-B734-022806CF6D42.tif,125,123,0.9613855623119125,0.9803126736374198,1.0,0.984,0.9919354838709677,0.944409821484547,123,0,2,738.182544708252
IXMtest_O16_s3_w129E61E12-E398-496E-9408-092D2D70E74B.tif,127,126,0.9542783826562425,0.9766043477994097,0.9920634920634921,0.984251968503937,0.9881422924901185,0.9442636248909719,125,1,2,728.9986610412598
IXMtest_O18_s1_w1C2EE9CCF-5055-4E56-BB3A-212A63545A90.tif,129,128,0.9478643296385788,0.9732344447361512,0.9921875,0.9844961240310077,0.9883268482490272,0.930510517185095,127,1,2,736.1555099487305
IXMtest_O18_s7_w19C30A212-58D3-4030-AA4F-B0C4482F1F8A.tif,121,121,0.945735458788893,0.9721110385453511,1.0,1.0,1.0,0.9379965641189748,121,0,0,743.7548637390137
IXMtest_O24_s5_w175443699-7C4C-4E5F-9C5F-57A342CC87DE.tif,113,113,0.9338498817452372,0.965793560876057,0.9734513274336283,0.9734513274336283,0.9734513274336283,0.9278388365859298,110,3,3,739.7420406341553
IXMtest_P01_s3_w1A7DC2612-9C11-4656-B100-102AF8FE8B43.tif,65,64,0.9471952473437678,0.9728816343773102,0.984375,0.9692307692307692,0.9767441860465116,0.9380505433058516,63,1,2,755.3920745849609
IXMtest_P05_s5_w18FC141F8-8BCA-4851-9000-31D080922BDD.tif,145,143,0.947455153255803,0.9730187128281998,0.958041958041958,0.9448275862068966,0.9513888888888888,0.9263656270013707,137,6,8,767.9917812347412
IXMtest_P07_s8_w144364F25-950A-472C-A529-1A9AD0433B6C.tif,104,100,0.9342727818711822,0.9660196748127561,0.97,0.9326923076923077,0.9509803921568627,0.9243969613219751,97,3,7,764.944314956665
IXMtest_P07_s8_w19D682C29-5685-4A33-8CAA-F0797DD7F021.tif,47,46,0.9477799828204141,0.9731899815994769,0.9565217391304348,0.9361702127659575,0.9462365591397849,0.9415734183268003,44,2,3,766.8900489807129
IXMtest_P09_s4_w11E382363-8C26-4A73-9D8A-8193D66E5785.tif,17,15,0.9166854312091871,0.9565319548872181,0.9333333333333333,0.8235294117647058,0.8749999999999999,0.8750131115921318,14,1,3,752.0945072174072
IXMtest_P10_s2_w130B9EBAE-801C-4AAC-A3CE-1C96EE2E6FF9.tif,81,76,0.9367954167436703,0.9673664122137404,0.9868421052631579,0.9259259259259259,0.9554140127388535,0.9234388866133653,75,1,6,742.1622276306152
IXMtest_P10_s7_w1F78192AF-7D11-4D41-80F3-8CD6DB05AB57.tif,133,133,0.949473862045663,0.9740821670205325,0.9774436090225563,0.9774436090225563,0.9774436090225563,0.9428465126203583,130,3,3,747.8678226470947
IXMtest_P13_s6_w1270AEE06-D31F-421C-8147-13644F4C5B94.tif,92,94,0.9590671805630092,0.9791059643879965,0.9680851063829787,0.9891304347826086,0.9784946236559139,0.9492976885132307,91,3,1,741.663932800293
IXMtest_P15_s3_w10F5E9699-743C-4177-93CE-27CFD65A925E.tif,103,101,0.9241412846470094,0.9605752883334099,0.9801980198019802,0.9611650485436893,0.9705882352941178,0.908394696910442,99,2,4,777.5332927703857
IXMtest_P15_s8_w1D26A5BC7-CF59-4027-B785-85AD33773609.tif,79,82,0.9445405555886973,0.9714794097495628,0.9634146341463414,1.0,0.9813664596273292,0.9301527630161179,79,3,0,756.108283996582
IXMtest_P19_s6_w10EBAD15B-2822-48B9-B9C8-4DF5D80AB940.tif,88,85,0.9556182657773217,0.9773055227600682,1.0,0.9659090909090909,0.9826589595375723,0.9445053054136039,85,0,3,760.8077526092529
IXMtest_P21_s4_w19B7DC88B-10BB-4B51-9A10-9E30285688C1.tif,57,54,0.9635083767422216,0.9814150916339232,1.0,0.9473684210526315,0.972972972972973,0.9523231372571339,54,0,3,772.19557762146
IXMtest_P21_s5_w1ACEBEE91-BAFA-49E6-9D97-D07197400A15.tif,102,103,0.953290242423346,0.9760866272906255,0.970873786407767,0.9803921568627451,0.975609756097561,0.9451809333139889,100,3,2,760.4739665985107
IXMtest_P23_s7_w13B627CB9-6C57-4049-AAD7-6468A051DD24.tif,12,13,0.9342607134844065,0.9660132235239531,0.9230769230769231,1.0,0.9600000000000001,0.9014443625060559,12,1,0,761.6372108459473
IXMtest_P23_s9_w1CA355675-EEC7-40B6-82C8-DC7E52A7A825.tif,137,137,0.9422551836793094,0.9702691918106756,0.948905109489051,0.948905109489051,0.948905109489051,0.915906019851202,130,7,7,780.8537483215332
IXMtest_P24_s9_w13AC6C03C-E8D7-4A23-B649-514BB4052F52.tif,87,77,0.9256814231295536,0.9614066086021299,1.0,0.8850574712643678,0.9390243902439025,0.9365875727609195,77,0,10,777.8310775756836
