trajectory_id,image_id,cell_track_id,frame_number,timestamp_sec,coord_x_px,coord_y_px,coord_x_um,coord_y_um,instantaneous_velocity_um_min,net_displacement_um,trajectory_angle_deg,cell_color
TRJ-FLAGSHIP-C1-F001,BL-IMG-CAF-CXCL12-001,1,1,0,120.35,272.13,77.63,175.52,0.95,14.28,0.0,#38bdf8
TRJ-FLAGSHIP-C2-F001,BL-IMG-CAF-CXCL12-001,2,1,0,145.99,437.63,94.17,282.27,0.88,11.66,0.0,#34d399
TRJ-FLAGSHIP-C3-F001,BL-IMG-CAF-CXCL12-001,3,1,0,85.32,684.14,55.03,441.27,1.12,4.03,0.0,#c084fc
TRJ-FLAGSHIP-C4-F001,BL-IMG-CAF-CXCL12-001,4,1,0,298.95,174.04,192.82,112.26,0.75,3.9,0.0,#f59e0b
TRJ-FLAGSHIP-C5-F001,BL-IMG-CAF-CXCL12-001,5,1,0,223.54,546.64,144.19,352.58,0.82,3.15,0.0,#f43f5e
TRJ-FLAGSHIP-C1-F002,BL-IMG-CAF-CXCL12-002,1,2,600,123.13,271.49,79.42,175.11,0.184,14.01,-13.0,#38bdf8
TRJ-FLAGSHIP-C2-F002,BL-IMG-CAF-CXCL12-002,2,2,600,149.48,432.23,96.41,278.79,0.415,7.89,-57.2,#34d399
TRJ-FLAGSHIP-C3-F002,BL-IMG-CAF-CXCL12-002,3,2,600,93.38,678.5,60.23,437.63,0.634,2.38,-35.0,#c084fc
TRJ-FLAGSHIP-C4-F002,BL-IMG-CAF-CXCL12-002,4,2,600,304.56,172.92,196.44,111.54,0.369,5.43,-11.3,#f59e0b
TRJ-FLAGSHIP-C5-F002,BL-IMG-CAF-CXCL12-002,5,2,600,229.03,550.63,147.73,355.16,0.438,5.84,36.1,#f43f5e
TRJ-FLAGSHIP-C1-F003,BL-IMG-CAF-CXCL12-003,1,3,1200,126.41,268.33,81.54,173.07,0.294,12.52,-43.9,#38bdf8
TRJ-FLAGSHIP-C2-F003,BL-IMG-CAF-CXCL12-003,2,3,1200,154.17,425.76,99.44,274.61,0.516,4.59,-54.0,#34d399
TRJ-FLAGSHIP-C3-F003,BL-IMG-CAF-CXCL12-003,3,3,1200,102.24,673.96,65.94,434.71,0.642,8.8,-27.1,#c084fc
TRJ-FLAGSHIP-C4-F003,BL-IMG-CAF-CXCL12-003,4,3,1200,309.83,173.79,199.84,112.1,0.344,7.5,9.4,#f59e0b
TRJ-FLAGSHIP-C5-F003,BL-IMG-CAF-CXCL12-003,5,3,1200,233.35,555.4,150.51,358.23,0.415,9.29,47.9,#f43f5e
TRJ-FLAGSHIP-C1-F004,BL-IMG-CAF-CXCL12-004,1,4,1800,130.68,263.05,84.29,169.67,0.438,10.87,-51.1,#38bdf8
TRJ-FLAGSHIP-C2-F004,BL-IMG-CAF-CXCL12-004,2,4,1800,160.01,419.16,103.21,270.36,0.568,6.48,-48.5,#34d399
TRJ-FLAGSHIP-C3-F004,BL-IMG-CAF-CXCL12-004,3,4,1800,111.36,671.17,71.82,432.9,0.615,14.91,-17.1,#c084fc
TRJ-FLAGSHIP-C4-F004,BL-IMG-CAF-CXCL12-004,4,4,1800,314.23,176.42,202.68,113.79,0.331,9.47,30.8,#f59e0b
TRJ-FLAGSHIP-C5-F004,BL-IMG-CAF-CXCL12-004,5,4,1800,236.46,560.09,152.52,361.26,0.363,12.45,56.4,#f43f5e
TRJ-FLAGSHIP-C1-F005,BL-IMG-CAF-CXCL12-005,1,5,2400,136.15,256.37,87.82,165.36,0.557,11.2,-50.7,#38bdf8
TRJ-FLAGSHIP-C2-F005,BL-IMG-CAF-CXCL12-005,2,5,2400,166.66,413.35,107.49,266.61,0.569,11.57,-41.2,#34d399
TRJ-FLAGSHIP-C3-F005,BL-IMG-CAF-CXCL12-005,3,5,2400,120.13,670.42,77.48,432.42,0.568,20.39,-4.9,#c084fc
TRJ-FLAGSHIP-C4-F005,BL-IMG-CAF-CXCL12-005,4,5,2400,317.46,180.27,204.76,116.27,0.324,11.26,50.0,#f59e0b
TRJ-FLAGSHIP-C5-F005,BL-IMG-CAF-CXCL12-005,5,5,2400,238.66,563.85,153.93,363.68,0.281,14.99,59.7,#f43f5e
TRJ-FLAGSHIP-C1-F006,BL-IMG-CAF-CXCL12-006,1,6,3000,142.77,249.19,92.09,160.73,0.63,14.7,-47.3,#38bdf8
TRJ-FLAGSHIP-C2-F006,BL-IMG-CAF-CXCL12-006,2,6,3000,173.55,409.1,111.94,263.87,0.523,16.74,-31.6,#34d399
TRJ-FLAGSHIP-C3-F006,BL-IMG-CAF-CXCL12-006,3,6,3000,128.03,671.69,82.58,433.24,0.516,25.11,9.2,#c084fc
TRJ-FLAGSHIP-C4-F006,BL-IMG-CAF-CXCL12-006,4,6,3000,319.49,184.59,206.07,119.06,0.308,12.92,64.8,#f59e0b
TRJ-FLAGSHIP-C5-F006,BL-IMG-CAF-CXCL12-006,5,6,3000,240.43,565.93,155.08,365.02,0.176,16.71,49.6,#f43f5e
TRJ-FLAGSHIP-C1-F007,BL-IMG-CAF-CXCL12-007,1,7,3600,150.2,242.49,96.88,156.4,0.645,20.07,-42.1,#38bdf8
TRJ-FLAGSHIP-C2-F007,BL-IMG-CAF-CXCL12-007,2,7,3600,180.11,406.92,116.17,262.46,0.446,21.17,-18.4,#34d399
TRJ-FLAGSHIP-C3-F007,BL-IMG-CAF-CXCL12-007,3,7,3600,134.76,674.62,86.92,435.13,0.473,29.08,23.5,#c084fc
TRJ-FLAGSHIP-C4-F007,BL-IMG-CAF-CXCL12-007,4,7,3600,320.6,188.52,206.79,121.6,0.264,14.38,74.3,#f59e0b
TRJ-FLAGSHIP-C5-F007,BL-IMG-CAF-CXCL12-007,5,7,3600,242.38,565.84,156.33,364.97,0.126,17.68,-2.7,#f43f5e
TRJ-FLAGSHIP-C1-F008,BL-IMG-CAF-CXCL12-008,1,8,4200,157.88,237.13,101.83,152.95,0.604,25.8,-34.9,#38bdf8
TRJ-FLAGSHIP-C2-F008,BL-IMG-CAF-CXCL12-008,2,8,4200,185.79,406.96,119.84,262.49,0.367,24.57,0.4,#34d399
TRJ-FLAGSHIP-C3-F008,BL-IMG-CAF-CXCL12-008,3,8,4200,140.29,678.56,90.49,437.67,0.438,32.45,35.4,#c084fc
TRJ-FLAGSHIP-C4-F008,BL-IMG-CAF-CXCL12-008,4,8,4200,321.28,191.27,207.23,123.37,0.183,15.53,76.0,#f59e0b
TRJ-FLAGSHIP-C5-F008,BL-IMG-CAF-CXCL12-008,5,8,4200,245.06,563.41,158.07,363.4,0.234,18.33,-42.2,#f43f5e
TRJ-FLAGSHIP-C1-F009,BL-IMG-CAF-CXCL12-009,1,9,4800,165.21,233.77,106.56,150.78,0.52,30.98,-24.6,#38bdf8
TRJ-FLAGSHIP-C2-F009,BL-IMG-CAF-CXCL12-009,2,9,4800,190.3,409.03,122.74,263.82,0.32,26.94,24.7,#34d399
TRJ-FLAGSHIP-C3-F009,BL-IMG-CAF-CXCL12-009,3,9,4800,144.9,682.7,93.46,440.34,0.4,35.45,41.9,#c084fc
TRJ-FLAGSHIP-C4-F009,BL-IMG-CAF-CXCL12-009,4,9,4800,322.14,192.22,207.78,123.98,0.082,16.31,47.6,#f59e0b
TRJ-FLAGSHIP-C5-F009,BL-IMG-CAF-CXCL12-009,5,9,4800,248.86,558.83,160.52,360.45,0.384,19.47,-50.3,#f43f5e
TRJ-FLAGSHIP-C1-F010,BL-IMG-CAF-CXCL12-010,1,10,5400,171.68,232.77,110.73,150.13,0.422,35.14,-8.9,#38bdf8
TRJ-FLAGSHIP-C2-F010,BL-IMG-CAF-CXCL12-010,2,10,5400,193.62,412.62,124.88,266.14,0.315,28.53,47.3,#34d399
TRJ-FLAGSHIP-C3-F010,BL-IMG-CAF-CXCL12-010,3,10,5400,149.09,686.2,96.16,442.6,0.352,38.32,39.9,#c084fc
TRJ-FLAGSHIP-C4-F010,BL-IMG-CAF-CXCL12-010,4,10,5400,323.74,191.02,208.81,123.21,0.129,16.88,-36.9,#f59e0b
TRJ-FLAGSHIP-C5-F010,BL-IMG-CAF-CXCL12-010,5,10,5400,253.89,552.65,163.76,356.46,0.514,21.92,-50.9,#f43f5e
TRJ-FLAGSHIP-C1-F011,BL-IMG-CAF-CXCL12-011,1,11,6000,176.97,234.09,114.14,150.99,0.352,38.15,14.0,#38bdf8
TRJ-FLAGSHIP-C2-F011,BL-IMG-CAF-CXCL12-011,2,11,6000,196.01,416.98,126.42,268.95,0.321,29.74,61.3,#34d399
TRJ-FLAGSHIP-C3-F011,BL-IMG-CAF-CXCL12-011,3,11,6000,153.45,688.32,98.98,443.97,0.313,41.28,26.0,#c084fc
TRJ-FLAGSHIP-C4-F011,BL-IMG-CAF-CXCL12-011,4,11,6000,326.46,187.68,210.57,121.06,0.277,17.77,-50.8,#f59e0b
TRJ-FLAGSHIP-C5-F011,BL-IMG-CAF-CXCL12-011,5,11,6000,259.93,545.65,167.66,351.95,0.596,25.91,-49.1,#f43f5e
TRJ-FLAGSHIP-C1-F012,BL-IMG-CAF-CXCL12-012,1,12,6600,181.06,237.36,116.78,153.1,0.338,40.22,38.7,#38bdf8
TRJ-FLAGSHIP-C2-F012,BL-IMG-CAF-CXCL12-012,2,12,6600,197.97,421.27,127.69,271.72,0.304,30.95,65.3,#34d399
TRJ-FLAGSHIP-C3-F012,BL-IMG-CAF-CXCL12-012,3,12,6600,158.55,688.58,102.27,444.13,0.329,44.56,2.9,#c084fc
TRJ-FLAGSHIP-C4-F012,BL-IMG-CAF-CXCL12-012,4,12,6600,330.39,182.58,213.1,117.77,0.416,19.67,-52.4,#f59e0b
TRJ-FLAGSHIP-C5-F012,BL-IMG-CAF-CXCL12-012,5,12,6600,266.57,538.79,171.93,347.52,0.616,30.89,-46.0,#f43f5e
TRJ-FLAGSHIP-C1-F013,BL-IMG-CAF-CXCL12-013,1,13,7200,184.23,241.94,118.83,156.05,0.359,41.76,55.3,#38bdf8
TRJ-FLAGSHIP-C2-F013,BL-IMG-CAF-CXCL12-013,2,13,7200,200.12,424.65,129.08,273.9,0.259,32.46,57.7,#34d399
TRJ-FLAGSHIP-C3-F013,BL-IMG-CAF-CXCL12-013,3,13,7200,164.77,686.79,106.27,442.98,0.417,48.42,-16.1,#c084fc
TRJ-FLAGSHIP-C4-F013,BL-IMG-CAF-CXCL12-013,4,13,7200,335.35,176.38,216.3,113.76,0.512,22.92,-51.4,#f59e0b
TRJ-FLAGSHIP-C5-F013,BL-IMG-CAF-CXCL12-013,5,13,7200,273.19,533.0,176.21,343.78,0.568,36.02,-41.2,#f43f5e
TRJ-FLAGSHIP-C1-F014,BL-IMG-CAF-CXCL12-014,1,14,7800,186.98,246.98,120.6,159.3,0.37,43.25,61.4,#38bdf8
TRJ-FLAGSHIP-C2-F014,BL-IMG-CAF-CXCL12-014,2,14,7800,203.0,426.5,130.93,275.09,0.221,34.44,32.6,#34d399
TRJ-FLAGSHIP-C3-F014,BL-IMG-CAF-CXCL12-014,3,14,7800,172.2,683.11,111.07,440.61,0.535,53.06,-26.3,#c084fc
TRJ-FLAGSHIP-C4-F014,BL-IMG-CAF-CXCL12-014,4,14,7800,340.9,169.93,219.88,109.61,0.548,27.17,-49.3,#f59e0b
TRJ-FLAGSHIP-C5-F014,BL-IMG-CAF-CXCL12-014,5,14,7800,279.22,529.08,180.1,341.26,0.464,40.51,-33.0,#f43f5e
TRJ-FLAGSHIP-C1-F015,BL-IMG-CAF-CXCL12-015,1,15,8400,189.91,251.61,122.49,162.29,0.353,45.1,57.7,#38bdf8
TRJ-FLAGSHIP-C2-F015,BL-IMG-CAF-CXCL12-015,2,15,8400,207.0,426.43,133.51,275.04,0.258,37.0,-1.0,#34d399
TRJ-FLAGSHIP-C3-F015,BL-IMG-CAF-CXCL12-015,3,15,8400,180.67,678.06,116.53,437.35,0.636,58.49,-30.8,#c084fc
TRJ-FLAGSHIP-C4-F015,BL-IMG-CAF-CXCL12-015,4,15,8400,346.44,164.19,223.45,105.9,0.515,31.64,-46.0,#f59e0b
TRJ-FLAGSHIP-C5-F015,BL-IMG-CAF-CXCL12-015,5,15,8400,284.23,527.58,183.33,340.29,0.337,43.88,-16.7,#f43f5e
TRJ-FLAGSHIP-C1-F016,BL-IMG-CAF-CXCL12-016,1,16,9000,193.57,255.04,124.85,164.5,0.324,47.56,43.2,#38bdf8
TRJ-FLAGSHIP-C2-F016,BL-IMG-CAF-CXCL12-016,2,16,9000,212.21,424.41,136.88,273.74,0.361,40.23,-21.2,#34d399
TRJ-FLAGSHIP-C3-F016,BL-IMG-CAF-CXCL12-016,3,16,9000,189.71,672.37,122.37,433.68,0.689,64.5,-32.1,#c084fc
TRJ-FLAGSHIP-C4-F016,BL-IMG-CAF-CXCL12-016,4,16,9000,351.38,160.01,226.64,103.21,0.418,35.56,-40.2,#f59e0b
TRJ-FLAGSHIP-C5-F016,BL-IMG-CAF-CXCL12-016,5,16,9000,288.01,528.68,185.76,341.0,0.254,45.97,16.3,#f43f5e
TRJ-FLAGSHIP-C1-F017,BL-IMG-CAF-CXCL12-017,1,17,9600,198.35,256.74,127.93,165.6,0.327,50.72,19.6,#38bdf8
TRJ-FLAGSHIP-C2-F017,BL-IMG-CAF-CXCL12-017,2,17,9600,218.46,420.75,140.91,271.38,0.467,44.16,-30.4,#34d399
TRJ-FLAGSHIP-C3-F017,BL-IMG-CAF-CXCL12-017,3,17,9600,198.75,666.95,128.2,430.18,0.68,70.65,-30.9,#c084fc
TRJ-FLAGSHIP-C4-F017,BL-IMG-CAF-CXCL12-017,4,17,9600,355.3,158.04,229.17,101.94,0.283,38.38,-26.7,#f59e0b
TRJ-FLAGSHIP-C5-F017,BL-IMG-CAF-CXCL12-017,5,17,9600,290.67,532.21,187.48,343.28,0.285,47.01,52.9,#f43f5e
TRJ-FLAGSHIP-C1-F018,BL-IMG-CAF-CXCL12-018,1,18,10200,204.35,256.47,131.8,165.42,0.387,54.56,-2.7,#38bdf8
TRJ-FLAGSHIP-C2-F018,BL-IMG-CAF-CXCL12-018,2,18,10200,225.29,416.06,145.31,268.36,0.534,48.63,-34.5,#34d399
TRJ-FLAGSHIP-C3-F018,BL-IMG-CAF-CXCL12-018,3,18,10200,207.2,662.68,133.65,427.43,0.611,76.42,-26.8,#c084fc
TRJ-FLAGSHIP-C4-F018,BL-IMG-CAF-CXCL12-018,4,18,10200,357.99,158.63,230.9,102.31,0.178,39.86,12.3,#f59e0b
TRJ-FLAGSHIP-C5-F018,BL-IMG-CAF-CXCL12-018,5,18,10200,292.61,537.63,188.74,346.77,0.371,47.51,70.3,#f43f5e
TRJ-FLAGSHIP-C1-F019,BL-IMG-CAF-CXCL12-019,1,19,10800,211.37,254.32,136.34,164.04,0.474,59.0,-17.0,#38bdf8
TRJ-FLAGSHIP-C2-F019,BL-IMG-CAF-CXCL12-019,2,19,10800,232.11,411.14,149.71,265.19,0.542,53.27,-35.8,#34d399
TRJ-FLAGSHIP-C3-F019,BL-IMG-CAF-CXCL12-019,3,19,10800,214.62,660.29,138.43,425.89,0.502,81.38,-17.8,#c084fc
TRJ-FLAGSHIP-C4-F019,BL-IMG-CAF-CXCL12-019,4,19,10800,359.57,161.74,231.92,104.32,0.225,40.19,63.1,#f59e0b
TRJ-FLAGSHIP-C5-F019,BL-IMG-CAF-CXCL12-019,5,19,10800,294.39,544.16,189.88,350.98,0.436,48.13,74.8,#f43f5e
TRJ-FLAGSHIP-C1-F020,BL-IMG-CAF-CXCL12-020,1,20,11400,218.98,250.75,141.24,161.73,0.542,63.84,-25.2,#38bdf8
TRJ-FLAGSHIP-C2-F020,BL-IMG-CAF-CXCL12-020,2,20,11400,238.34,406.88,153.73,262.44,0.487,57.6,-34.4,#34d399
TRJ-FLAGSHIP-C3-F020,BL-IMG-CAF-CXCL12-020,3,20,11400,220.81,660.27,142.42,425.87,0.4,85.33,-0.2,#c084fc
TRJ-FLAGSHIP-C4-F020,BL-IMG-CAF-CXCL12-020,4,20,11400,360.43,166.99,232.48,107.71,0.343,39.87,80.8,#f59e0b
TRJ-FLAGSHIP-C5-F020,BL-IMG-CAF-CXCL12-020,5,20,11400,296.59,550.86,191.3,355.31,0.455,49.41,71.8,#f43f5e
TRJ-FLAGSHIP-C1-F021,BL-IMG-CAF-CXCL12-021,1,21,12000,226.58,246.44,146.15,158.95,0.564,68.79,-29.5,#38bdf8
TRJ-FLAGSHIP-C2-F021,BL-IMG-CAF-CXCL12-021,2,21,12000,243.53,404.07,157.08,260.63,0.381,61.2,-28.4,#34d399
TRJ-FLAGSHIP-C3-F021,BL-IMG-CAF-CXCL12-021,3,21,12000,225.9,662.75,145.7,427.47,0.365,88.36,26.0,#c084fc
TRJ-FLAGSHIP-C4-F021,BL-IMG-CAF-CXCL12-021,4,21,12000,361.11,173.68,232.92,112.02,0.434,39.63,84.1,#f59e0b
TRJ-FLAGSHIP-C5-F021,BL-IMG-CAF-CXCL12-021,5,21,12000,299.73,556.81,193.33,359.14,0.434,51.61,62.2,#f43f5e
TRJ-FLAGSHIP-C1-F022,BL-IMG-CAF-CXCL12-022,1,22,12600,233.6,242.23,150.67,156.24,0.527,73.44,-31.0,#38bdf8
TRJ-FLAGSHIP-C2-F022,BL-IMG-CAF-CXCL12-022,2,22,12600,247.51,403.32,159.64,260.14,0.261,63.81,-10.8,#34d399
TRJ-FLAGSHIP-C3-F022,BL-IMG-CAF-CXCL12-022,3,22,12600,230.25,667.49,148.51,430.53,0.415,90.82,47.4,#c084fc
TRJ-FLAGSHIP-C4-F022,BL-IMG-CAF-CXCL12-022,4,22,12600,362.23,180.9,233.64,116.68,0.471,40.14,81.2,#f59e0b
TRJ-FLAGSHIP-C5-F022,BL-IMG-CAF-CXCL12-022,5,22,12600,304.07,561.22,196.12,361.99,0.399,54.7,45.5,#f43f5e
TRJ-FLAGSHIP-C1-F023,BL-IMG-CAF-CXCL12-023,1,23,13200,239.57,238.95,154.52,154.13,0.44,77.45,-28.7,#38bdf8
TRJ-FLAGSHIP-C2-F023,BL-IMG-CAF-CXCL12-023,2,23,13200,250.37,404.9,161.49,261.16,0.211,65.47,29.0,#34d399
TRJ-FLAGSHIP-C3-F023,BL-IMG-CAF-CXCL12-023,3,23,13200,234.44,673.91,151.21,434.67,0.495,93.25,56.9,#c084fc
TRJ-FLAGSHIP-C4-F023,BL-IMG-CAF-CXCL12-023,4,23,13200,364.28,187.69,234.96,121.06,0.457,41.76,73.2,#f59e0b
TRJ-FLAGSHIP-C5-F023,BL-IMG-CAF-CXCL12-023,5,23,13200,309.57,563.57,199.68,363.51,0.386,58.44,23.1,#f43f5e
TRJ-FLAGSHIP-C1-F024,BL-IMG-CAF-CXCL12-024,1,24,13800,244.33,237.32,157.59,153.07,0.324,80.61,-19.0,#38bdf8
TRJ-FLAGSHIP-C2-F024,BL-IMG-CAF-CXCL12-024,2,24,13800,252.51,408.77,162.87,263.66,0.285,66.52,61.1,#34d399
TRJ-FLAGSHIP-C3-F024,BL-IMG-CAF-CXCL12-024,3,24,13800,239.06,681.19,154.19,439.37,0.556,96.15,57.6,#c084fc
TRJ-FLAGSHIP-C4-F024,BL-IMG-CAF-CXCL12-024,4,24,13800,367.53,193.16,237.06,124.59,0.41,44.38,59.3,#f59e0b
TRJ-FLAGSHIP-C5-F024,BL-IMG-CAF-CXCL12-024,5,24,13800,315.94,563.67,203.78,363.57,0.411,62.51,0.9,#f43f5e
TRJ-FLAGSHIP-C1-F025,BL-IMG-CAF-CXCL12-025,1,25,14400,247.98,237.77,159.94,153.36,0.237,82.92,7.0,#38bdf8
TRJ-FLAGSHIP-C2-F025,BL-IMG-CAF-CXCL12-025,2,25,14400,254.48,414.49,164.14,267.35,0.39,67.48,71.0,#34d399
TRJ-FLAGSHIP-C3-F025,BL-IMG-CAF-CXCL12-025,3,25,14400,244.61,688.36,157.78,443.99,0.585,99.87,52.3,#c084fc
TRJ-FLAGSHIP-C4-F025,BL-IMG-CAF-CXCL12-025,4,25,14400,371.95,196.63,239.91,126.83,0.363,47.63,38.2,#f59e0b
TRJ-FLAGSHIP-C5-F025,BL-IMG-CAF-CXCL12-025,5,25,14400,322.65,561.7,208.11,362.3,0.451,66.64,-16.4,#f43f5e
TRJ-FLAGSHIP-C1-F026,BL-IMG-CAF-CXCL12-026,1,26,15000,250.89,240.42,161.83,155.07,0.254,84.65,42.2,#38bdf8
TRJ-FLAGSHIP-C2-F026,BL-IMG-CAF-CXCL12-026,2,26,15000,256.88,421.35,165.69,271.77,0.469,68.95,70.7,#34d399
TRJ-FLAGSHIP-C3-F026,BL-IMG-CAF-CXCL12-026,3,26,15000,251.36,694.48,162.13,447.94,0.588,104.5,42.2,#c084fc
TRJ-FLAGSHIP-C4-F026,BL-IMG-CAF-CXCL12-026,4,26,15000,377.23,197.75,243.32,127.55,0.348,51.11,11.9,#f59e0b
TRJ-FLAGSHIP-C5-F026,BL-IMG-CAF-CXCL12-026,5,26,15000,329.08,558.14,212.26,360.0,0.474,70.55,-28.9,#f43f5e
TRJ-FLAGSHIP-C1-F027,BL-IMG-CAF-CXCL12-027,1,27,15600,253.64,245.02,163.6,158.04,0.346,86.26,59.1,#38bdf8
TRJ-FLAGSHIP-C2-F027,BL-IMG-CAF-CXCL12-027,2,27,15600,260.22,428.43,167.84,276.34,0.505,71.3,64.8,#34d399
TRJ-FLAGSHIP-C3-F027,BL-IMG-CAF-CXCL12-027,3,27,15600,259.29,698.76,167.24,450.7,0.581,109.86,28.4,#c084fc
TRJ-FLAGSHIP-C4-F027,BL-IMG-CAF-CXCL12-027,4,27,15600,382.85,196.51,246.94,126.75,0.371,54.49,-12.5,#f59e0b
TRJ-FLAGSHIP-C5-F027,BL-IMG-CAF-CXCL12-027,5,27,15600,334.71,553.74,215.89,357.17,0.461,74.03,-38.0,#f43f5e
TRJ-FLAGSHIP-C1-F028,BL-IMG-CAF-CXCL12-028,1,28,16200,256.83,251.01,165.65,161.9,0.437,88.26,62.0,#38bdf8
TRJ-FLAGSHIP-C2-F028,BL-IMG-CAF-CXCL12-028,2,28,16200,264.75,434.79,170.76,280.44,0.503,74.62,54.5,#34d399
TRJ-FLAGSHIP-C3-F028,BL-IMG-CAF-CXCL12-028,3,28,16200,268.07,700.68,172.9,451.94,0.58,115.63,12.3,#c084fc
TRJ-FLAGSHIP-C4-F028,BL-IMG-CAF-CXCL12-028,4,28,16200,388.2,193.26,250.39,124.65,0.404,57.53,-31.3,#f59e0b
TRJ-FLAGSHIP-C5-F028,BL-IMG-CAF-CXCL12-028,5,28,16200,339.19,549.35,218.77,354.33,0.404,76.88,-44.4,#f43f5e
TRJ-FLAGSHIP-C1-F029,BL-IMG-CAF-CXCL12-029,1,29,16800,260.94,257.57,168.31,166.13,0.5,91.04,57.9,#38bdf8
TRJ-FLAGSHIP-C2-F029,BL-IMG-CAF-CXCL12-029,2,29,16800,270.45,439.54,174.44,283.5,0.479,78.71,39.8,#34d399
TRJ-FLAGSHIP-C3-F029,BL-IMG-CAF-CXCL12-029,3,29,16800,277.19,700.06,178.79,451.54,0.59,121.43,-3.9,#c084fc
TRJ-FLAGSHIP-C4-F029,BL-IMG-CAF-CXCL12-029,4,29,16800,392.74,188.65,253.32,121.68,0.417,60.08,-45.4,#f59e0b
TRJ-FLAGSHIP-C5-F029,BL-IMG-CAF-CXCL12-029,5,29,16800,342.45,545.8,220.88,352.04,0.311,79.03,-47.4,#f43f5e
TRJ-FLAGSHIP-C1-F030,BL-IMG-CAF-CXCL12-030,1,30,17400,266.25,263.77,171.73,170.13,0.527,94.75,49.4,#38bdf8
TRJ-FLAGSHIP-C2-F030,BL-IMG-CAF-CXCL12-030,2,30,17400,277.02,442.05,178.67,285.12,0.453,83.15,20.9,#34d399
TRJ-FLAGSHIP-C3-F030,BL-IMG-CAF-CXCL12-030,3,30,17400,286.04,697.11,184.49,449.64,0.602,126.93,-18.4,#c084fc
TRJ-FLAGSHIP-C4-F030,BL-IMG-CAF-CXCL12-030,4,30,17400,396.13,183.51,255.5,118.36,0.397,62.05,-56.6,#f59e0b
TRJ-FLAGSHIP-C5-F030,BL-IMG-CAF-CXCL12-030,5,30,17400,344.75,543.74,222.36,350.71,0.199,80.56,-41.9,#f43f5e
TRJ-FLAGSHIP-C1-F031,BL-IMG-CAF-CXCL12-031,1,31,18000,272.74,268.71,175.92,173.32,0.526,99.25,37.3,#38bdf8
TRJ-FLAGSHIP-C2-F031,BL-IMG-CAF-CXCL12-031,2,31,18000,283.92,441.97,183.13,285.07,0.445,87.53,-0.6,#34d399
TRJ-FLAGSHIP-C3-F031,BL-IMG-CAF-CXCL12-031,3,31,18000,294.08,692.37,189.68,446.58,0.602,131.87,-30.5,#c084fc
TRJ-FLAGSHIP-C4-F031,BL-IMG-CAF-CXCL12-031,4,31,18000,398.31,178.72,256.91,115.27,0.339,63.42,-65.5,#f59e0b
TRJ-FLAGSHIP-C5-F031,BL-IMG-CAF-CXCL12-031,5,31,18000,346.54,543.58,223.52,350.61,0.116,81.72,-5.2,#f43f5e
TRJ-FLAGSHIP-C1-F032,BL-IMG-CAF-CXCL12-032,1,32,18600,280.08,271.63,180.65,175.2,0.51,104.19,21.7,#38bdf8
TRJ-FLAGSHIP-C2-F032,BL-IMG-CAF-CXCL12-032,2,32,18600,290.55,439.38,187.4,283.4,0.459,91.51,-21.4,#34d399
TRJ-FLAGSHIP-C3-F032,BL-IMG-CAF-CXCL12-032,3,32,18600,300.97,686.61,194.13,442.87,0.579,136.14,-39.9,#c084fc
TRJ-FLAGSHIP-C4-F032,BL-IMG-CAF-CXCL12-032,4,32,18600,399.52,175.08,257.69,112.92,0.248,64.27,-71.7,#f59e0b
TRJ-FLAGSHIP-C5-F032,BL-IMG-CAF-CXCL12-032,5,32,18600,348.43,545.37,224.74,351.76,0.168,82.89,43.5,#f43f5e
TRJ-FLAGSHIP-C1-F033,BL-IMG-CAF-CXCL12-033,1,33,19200,287.77,272.07,185.61,175.49,0.496,109.14,3.3,#38bdf8
TRJ-FLAGSHIP-C2-F033,BL-IMG-CAF-CXCL12-033,2,33,19200,296.37,434.65,191.16,280.35,0.484,94.88,-39.0,#34d399
TRJ-FLAGSHIP-C3-F033,BL-IMG-CAF-CXCL12-033,3,33,19200,306.65,680.75,197.79,439.08,0.527,139.74,-45.9,#c084fc
TRJ-FLAGSHIP-C4-F033,BL-IMG-CAF-CXCL12-033,4,33,19200,400.22,173.15,258.14,111.68,0.132,64.79,-69.9,#f59e0b
TRJ-FLAGSHIP-C5-F033,BL-IMG-CAF-CXCL12-033,5,33,19200,350.99,548.83,226.39,354.0,0.278,84.49,53.5,#f43f5e
TRJ-FLAGSHIP-C1-F034,BL-IMG-CAF-CXCL12-034,1,34,19800,295.18,269.93,190.39,174.1,0.498,113.72,-16.1,#38bdf8
TRJ-FLAGSHIP-C2-F034,BL-IMG-CAF-CXCL12-034,2,34,19800,301.04,428.52,194.17,276.39,0.498,97.58,-52.7,#34d399
TRJ-FLAGSHIP-C3-F034,BL-IMG-CAF-CXCL12-034,3,34,19800,311.36,675.67,200.83,435.81,0.447,142.81,-47.2,#c084fc
TRJ-FLAGSHIP-C4-F034,BL-IMG-CAF-CXCL12-034,4,34,19800,401.03,173.2,258.66,111.71,0.052,65.31,3.6,#f59e0b
TRJ-FLAGSHIP-C5-F034,BL-IMG-CAF-CXCL12-034,5,34,19800,354.63,553.37,228.74,356.93,0.375,86.86,51.3,#f43f5e
TRJ-FLAGSHIP-C1-F035,BL-IMG-CAF-CXCL12-035,1,35,20400,301.78,265.46,194.65,171.22,0.514,117.67,-34.1,#38bdf8
TRJ-FLAGSHIP-C2-F035,BL-IMG-CAF-CXCL12-035,2,35,20400,304.51,421.86,196.41,272.1,0.484,99.66,-62.5,#34d399
TRJ-FLAGSHIP-C3-F035,BL-IMG-CAF-CXCL12-035,3,35,20400,315.57,672.09,203.54,433.5,0.356,145.58,-40.4,#c084fc
TRJ-FLAGSHIP-C4-F035,BL-IMG-CAF-CXCL12-035,4,35,20400,402.5,175.14,259.61,112.97,0.157,66.19,52.8,#f59e0b
TRJ-FLAGSHIP-C5-F035,BL-IMG-CAF-CXCL12-035,5,35,20400,359.49,558.2,231.87,360.04,0.442,90.13,44.8,#f43f5e
TRJ-FLAGSHIP-C1-F036,BL-IMG-CAF-CXCL12-036,1,36,21000,307.24,259.26,198.17,167.22,0.533,120.92,-48.7,#38bdf8
TRJ-FLAGSHIP-C2-F036,BL-IMG-CAF-CXCL12-036,2,36,21000,307.0,415.61,198.01,268.07,0.433,101.3,-68.3,#34d399
TRJ-FLAGSHIP-C3-F036,BL-IMG-CAF-CXCL12-036,3,36,21000,319.87,670.47,206.32,432.46,0.297,148.4,-20.6,#c084fc
TRJ-FLAGSHIP-C4-F036,BL-IMG-CAF-CXCL12-036,4,36,21000,405.05,178.57,261.26,115.17,0.275,67.77,53.3,#f59e0b
TRJ-FLAGSHIP-C5-F036,BL-IMG-CAF-CXCL12-036,5,36,21000,365.43,562.45,235.7,362.78,0.471,94.14,35.6,#f43f5e
TRJ-FLAGSHIP-C1-F037,BL-IMG-CAF-CXCL12-037,1,37,21600,311.48,252.18,200.9,162.65,0.533,123.51,-59.1,#38bdf8
TRJ-FLAGSHIP-C2-F037,BL-IMG-CAF-CXCL12-037,2,37,21600,308.98,410.64,199.29,264.86,0.346,102.72,-68.2,#34d399
TRJ-FLAGSHIP-C3-F037,BL-IMG-CAF-CXCL12-037,3,37,21600,324.85,670.93,209.53,432.75,0.322,151.59,5.3,#c084fc
TRJ-FLAGSHIP-C4-F037,BL-IMG-CAF-CXCL12-037,4,37,21600,408.83,182.79,263.7,117.9,0.366,70.22,48.2,#f59e0b
TRJ-FLAGSHIP-C5-F037,BL-IMG-CAF-CXCL12-037,5,37,21600,372.01,565.31,239.95,364.62,0.463,98.54,23.4,#f43f5e
TRJ-FLAGSHIP-C1-F038,BL-IMG-CAF-CXCL12-038,1,38,22200,314.75,245.16,203.01,158.13,0.499,125.65,-65.0,#38bdf8
TRJ-FLAGSHIP-C2-F038,BL-IMG-CAF-CXCL12-038,2,38,22200,311.07,407.56,200.64,262.87,0.24,104.2,-55.9,#34d399
TRJ-FLAGSHIP-C3-F038,BL-IMG-CAF-CXCL12-038,3,38,22200,330.91,673.24,213.43,434.24,0.418,155.44,20.8,#c084fc
TRJ-FLAGSHIP-C4-F038,BL-IMG-CAF-CXCL12-038,4,38,22200,413.68,186.99,266.82,120.61,0.414,73.46,40.9,#f59e0b
TRJ-FLAGSHIP-C5-F038,BL-IMG-CAF-CXCL12-038,5,38,22200,378.68,566.16,244.25,365.17,0.433,102.87,7.3,#f43f5e
TRJ-FLAGSHIP-C1-F039,BL-IMG-CAF-CXCL12-039,1,39,22800,317.52,239.15,204.8,154.25,0.427,127.59,-65.3,#38bdf8
TRJ-FLAGSHIP-C2-F039,BL-IMG-CAF-CXCL12-039,2,39,22800,313.83,406.67,202.42,262.3,0.187,106.02,-17.7,#34d399
TRJ-FLAGSHIP-C3-F039,BL-IMG-CAF-CXCL12-039,3,39,22800,338.18,676.85,218.13,436.57,0.524,160.09,26.4,#c084fc
TRJ-FLAGSHIP-C4-F039,BL-IMG-CAF-CXCL12-039,4,39,22800,419.18,190.32,270.37,122.76,0.415,77.16,31.2,#f59e0b
TRJ-FLAGSHIP-C5-F039,BL-IMG-CAF-CXCL12-039,5,39,22800,384.82,564.7,248.21,364.23,0.407,106.73,-13.4,#f43f5e
TRJ-FLAGSHIP-C1-F040,BL-IMG-CAF-CXCL12-040,1,40,23400,320.39,234.9,206.65,151.51,0.331,129.62,-56.0,#38bdf8
TRJ-FLAGSHIP-C2-F040,BL-IMG-CAF-CXCL12-040,2,40,23400,317.66,407.95,204.89,263.13,0.261,108.42,18.4,#34d399
TRJ-FLAGSHIP-C3-F040,BL-IMG-CAF-CXCL12-040,3,40,23400,346.53,681.01,223.51,439.25,0.602,165.47,26.5,#c084fc
TRJ-FLAGSHIP-C4-F040,BL-IMG-CAF-CXCL12-040,4,40,23400,424.75,192.07,273.96,123.89,0.377,80.84,17.5,#f59e0b
TRJ-FLAGSHIP-C5-F040,BL-IMG-CAF-CXCL12-040,5,40,23400,389.97,560.97,251.53,361.82,0.41,109.86,-35.9,#f43f5e
TRJ-FLAGSHIP-C1-F041,BL-IMG-CAF-CXCL12-041,1,41,24000,323.93,232.89,208.93,150.22,0.262,131.99,-29.5,#38bdf8
TRJ-FLAGSHIP-C2-F041,BL-IMG-CAF-CXCL12-041,2,41,24000,322.72,410.99,208.16,265.09,0.381,111.56,31.0,#34d399
TRJ-FLAGSHIP-C3-F041,BL-IMG-CAF-CXCL12-041,3,41,24000,355.53,684.87,229.32,441.74,0.632,171.3,23.2,#c084fc
TRJ-FLAGSHIP-C4-F041,BL-IMG-CAF-CXCL12-041,4,41,24000,429.81,191.78,277.23,123.7,0.327,84.07,-3.3,#f59e0b
TRJ-FLAGSHIP-C5-F041,BL-IMG-CAF-CXCL12-041,5,41,24000,393.91,555.37,254.07,358.21,0.442,112.23,-54.9,#f43f5e
TRJ-FLAGSHIP-C1-F042,BL-IMG-CAF-CXCL12-042,1,42,24600,328.54,233.27,211.91,150.46,0.299,134.94,4.7,#38bdf8
TRJ-FLAGSHIP-C2-F042,BL-IMG-CAF-CXCL12-042,2,42,24600,328.85,415.13,212.11,267.76,0.477,115.4,34.0,#34d399
TRJ-FLAGSHIP-C3-F042,BL-IMG-CAF-CXCL12-042,3,42,24600,364.61,687.64,235.17,443.53,0.612,177.19,17.0,#c084fc
TRJ-FLAGSHIP-C4-F042,BL-IMG-CAF-CXCL12-042,4,42,24600,433.88,189.31,279.85,122.11,0.307,86.56,-31.3,#f59e0b
TRJ-FLAGSHIP-C5-F042,BL-IMG-CAF-CXCL12-042,5,42,24600,396.71,548.6,255.88,353.85,0.472,113.98,-67.5,#f43f5e
TRJ-FLAGSHIP-C1-F043,BL-IMG-CAF-CXCL12-043,1,43,25200,334.39,235.8,215.68,152.09,0.411,138.58,23.4,#38bdf8
TRJ-FLAGSHIP-C2-F043,BL-IMG-CAF-CXCL12-043,2,43,25200,335.64,419.55,216.49,270.61,0.522,119.74,33.1,#34d399
TRJ-FLAGSHIP-C3-F043,BL-IMG-CAF-CXCL12-043,3,43,25200,373.17,688.72,240.69,444.22,0.556,182.73,7.2,#c084fc
TRJ-FLAGSHIP-C4-F043,BL-IMG-CAF-CXCL12-043,4,43,25200,436.73,184.88,281.69,119.25,0.34,88.25,-57.2,#f59e0b
TRJ-FLAGSHIP-C5-F043,BL-IMG-CAF-CXCL12-043,5,43,25200,398.72,541.56,257.18,349.31,0.472,115.4,-74.1,#f43f5e
TRJ-FLAGSHIP-C1-F044,BL-IMG-CAF-CXCL12-044,1,44,25800,341.3,239.93,220.14,154.75,0.519,142.88,30.9,#38bdf8
TRJ-FLAGSHIP-C2-F044,BL-IMG-CAF-CXCL12-044,2,44,25800,342.49,423.4,220.91,273.09,0.507,124.18,29.3,#34d399
TRJ-FLAGSHIP-C3-F044,BL-IMG-CAF-CXCL12-044,3,44,25800,380.74,687.78,245.58,443.62,0.492,187.59,-7.1,#c084fc
TRJ-FLAGSHIP-C4-F044,BL-IMG-CAF-CXCL12-044,4,44,25800,438.44,179.04,282.8,115.48,0.393,89.3,-73.7,#f59e0b
TRJ-FLAGSHIP-C5-F044,BL-IMG-CAF-CXCL12-044,5,44,25800,400.48,535.22,258.31,345.22,0.425,116.8,-74.5,#f43f5e
TRJ-FLAGSHIP-C1-F045,BL-IMG-CAF-CXCL12-045,1,45,26400,348.86,244.88,225.01,157.95,0.583,147.65,33.2,#38bdf8
TRJ-FLAGSHIP-C2-F045,BL-IMG-CAF-CXCL12-045,2,45,26400,348.83,425.95,225.0,274.74,0.441,128.3,21.9,#34d399
TRJ-FLAGSHIP-C3-F045,BL-IMG-CAF-CXCL12-045,3,45,26400,387.09,684.84,249.68,441.72,0.452,191.65,-24.8,#c084fc
TRJ-FLAGSHIP-C4-F045,BL-IMG-CAF-CXCL12-045,4,45,26400,439.36,172.58,283.39,111.32,0.421,90.02,-81.9,#f59e0b
TRJ-FLAGSHIP-C5-F045,BL-IMG-CAF-CXCL12-045,5,45,26400,402.6,530.44,259.68,342.13,0.337,118.45,-66.1,#f43f5e
TRJ-FLAGSHIP-C1-F046,BL-IMG-CAF-CXCL12-046,1,46,27000,356.5,249.79,229.94,161.11,0.585,152.54,32.7,#38bdf8
TRJ-FLAGSHIP-C2-F046,BL-IMG-CAF-CXCL12-046,2,46,27000,354.18,426.7,228.45,275.22,0.349,131.77,8.0,#34d399
TRJ-FLAGSHIP-C3-F046,BL-IMG-CAF-CXCL12-046,3,46,27000,392.31,680.28,253.04,438.78,0.447,194.99,-41.2,#c084fc
TRJ-FLAGSHIP-C4-F046,BL-IMG-CAF-CXCL12-046,4,46,27000,440.04,166.44,283.82,107.35,0.399,90.75,-83.8,#f59e0b
TRJ-FLAGSHIP-C5-F046,BL-IMG-CAF-CXCL12-046,5,46,27000,405.59,527.89,261.61,340.49,0.254,120.55,-40.4,#f43f5e
TRJ-FLAGSHIP-C1-F047,BL-IMG-CAF-CXCL12-047,1,47,27600,363.62,253.8,234.53,163.7,0.527,157.15,29.4,#38bdf8
TRJ-FLAGSHIP-C2-F047,BL-IMG-CAF-CXCL12-047,2,47,27600,358.32,425.47,231.12,274.43,0.278,134.41,-16.5,#34d399
TRJ-FLAGSHIP-C3-F047,BL-IMG-CAF-CXCL12-047,3,47,27600,396.73,674.76,255.89,435.22,0.456,197.87,-51.3,#c084fc
TRJ-FLAGSHIP-C4-F047,BL-IMG-CAF-CXCL12-047,4,47,27600,441.07,161.51,284.49,104.18,0.325,91.77,-78.2,#f59e0b
TRJ-FLAGSHIP-C5-F047,BL-IMG-CAF-CXCL12-047,5,47,27600,409.76,527.91,264.3,340.5,0.269,123.22,0.3,#f43f5e
TRJ-FLAGSHIP-C1-F048,BL-IMG-CAF-CXCL12-048,1,48,28200,369.75,256.27,238.49,165.3,0.426,161.14,21.9,#38bdf8
TRJ-FLAGSHIP-C2-F048,BL-IMG-CAF-CXCL12-048,2,48,28200,361.32,422.43,233.05,272.47,0.275,136.31,-45.4,#34d399
TRJ-FLAGSHIP-C3-F048,BL-IMG-CAF-CXCL12-048,3,48,28200,400.91,669.12,258.58,431.58,0.453,200.66,-53.5,#c084fc
TRJ-FLAGSHIP-C4-F048,BL-IMG-CAF-CXCL12-048,4,48,28200,442.97,158.56,285.72,102.27,0.227,93.25,-57.1,#f59e0b
TRJ-FLAGSHIP-C5-F048,BL-IMG-CAF-CXCL12-048,5,48,28200,415.13,530.48,267.76,342.16,0.383,126.48,25.5,#f43f5e
